Disease,Model,mean_fit_time,std_fit_time,mean_score_time,std_score_time,param_model__C,param_model__class_weight,params,split0_test_score,split1_test_score,split2_test_score,split3_test_score,split4_test_score,mean_test_score,std_test_score,rank_test_score,param_model__max_depth,param_model__min_samples_leaf,param_model__n_estimators,param_model__learning_rate,param_model__subsample
Diabetes,Logistic Regression,0.010292530059814453,0.0010442553152847866,0.004599523544311523,0.0004891623104780772,0.1,,"{'model__C': 0.1, 'model__class_weight': None}",0.8656976744186047,0.8369186046511627,0.8546511627906977,0.844767441860465,0.8193452380952381,0.8442760243632337,0.015763551683554387,1,,,,,
Diabetes,Logistic Regression,0.010008096694946289,1.3012500762827064e-05,0.005423545837402344,0.0019005194954747717,0.1,balanced,"{'model__C': 0.1, 'model__class_weight': 'balanced'}",0.8656976744186047,0.8369186046511627,0.8546511627906977,0.844767441860465,0.8193452380952381,0.8442760243632337,0.015763551683554387,1,,,,,
Diabetes,Logistic Regression,0.009809637069702148,0.00042690526936665566,0.004811668395996093,0.0007503817841159388,1.0,,"{'model__C': 1.0, 'model__class_weight': None}",0.8674418604651163,0.8334302325581395,0.8508720930232558,0.8470930232558139,0.8119047619047619,0.8421483942414175,0.018606425504036104,3,,,,,
Diabetes,Logistic Regression,0.0099884033203125,0.001115962220334667,0.0043947696685791016,0.00047731101809705896,1.0,balanced,"{'model__C': 1.0, 'model__class_weight': 'balanced'}",0.8674418604651163,0.8334302325581395,0.8508720930232558,0.8470930232558139,0.8119047619047619,0.8421483942414175,0.018606425504036104,3,,,,,
Diabetes,Logistic Regression,0.009318256378173828,0.0003903667403672959,0.0047833919525146484,0.0007180156706268992,10.0,,"{'model__C': 10.0, 'model__class_weight': None}",0.8671511627906976,0.8290697674418605,0.851453488372093,0.848546511627907,0.8050595238095237,0.8402560908084163,0.021360664060202136,5,,,,,
Diabetes,Logistic Regression,0.009905719757080078,0.00019070580976461108,0.004600143432617188,0.0004899599278540738,10.0,balanced,"{'model__C': 10.0, 'model__class_weight': 'balanced'}",0.8671511627906976,0.8290697674418605,0.851453488372093,0.848546511627907,0.8050595238095237,0.8402560908084163,0.021360664060202136,5,,,,,
Diabetes,Random Forest,0.11349697113037109,0.005785057176020187,0.011417150497436523,0.0018414170508605381,,,"{'model__max_depth': 3, 'model__min_samples_leaf': 1, 'model__n_estimators': 100}",0.8665697674418604,0.8165697674418604,0.8610465116279069,0.8008720930232558,0.8264880952380953,0.8343092469545959,0.025493235631842873,18,3.0,1.0,100.0,,
Diabetes,Random Forest,0.2226099491119385,0.024052809775532615,0.015609169006347656,0.00163802290077363,,,"{'model__max_depth': 3, 'model__min_samples_leaf': 1, 'model__n_estimators': 200}",0.8718023255813954,0.8171511627906978,0.8633720930232558,0.8093023255813954,0.8288690476190477,0.8380993909191584,0.025011580308796102,7,3.0,1.0,200.0,,
Diabetes,Random Forest,0.2991119384765625,0.010121436186966388,0.01880335807800293,0.0010187326420623838,,,"{'model__max_depth': 3, 'model__min_samples_leaf': 1, 'model__n_estimators': 300}",0.8697674418604651,0.8180232558139535,0.8613372093023256,0.8101744186046512,0.8273809523809523,0.8373366555924695,0.023823068786212636,9,3.0,1.0,300.0,,
Diabetes,Random Forest,0.10572605133056641,0.003984842626442409,0.009915924072265625,0.0006617950167909885,,,"{'model__max_depth': 3, 'model__min_samples_leaf': 3, 'model__n_estimators': 100}",0.8674418604651163,0.8171511627906977,0.8624999999999999,0.8040697674418605,0.824404761904762,0.8351135105204873,0.025283113864262505,17,3.0,3.0,100.0,,
Diabetes,Random Forest,0.22801661491394043,0.022410662709114366,0.015782976150512697,0.000932307356008808,,,"{'model__max_depth': 3, 'model__min_samples_leaf': 3, 'model__n_estimators': 200}",0.8706395348837209,0.8162790697674419,0.8630813953488372,0.8084302325581396,0.8267857142857142,0.8370431893687706,0.02514664334643945,13,3.0,3.0,200.0,,
Diabetes,Random Forest,0.30196366310119627,0.0018122008755184643,0.018712759017944336,0.001168618465564607,,,"{'model__max_depth': 3, 'model__min_samples_leaf': 3, 'model__n_estimators': 300}",0.8700581395348838,0.8168604651162791,0.8613372093023255,0.8107558139534884,0.8264880952380953,0.8370999446290144,0.02404141722024132,12,3.0,3.0,300.0,,
Diabetes,Random Forest,0.11781749725341797,0.004186302252045234,0.010194540023803711,0.0011603034370021308,,,"{'model__max_depth': 5, 'model__min_samples_leaf': 1, 'model__n_estimators': 100}",0.8767441860465117,0.8206395348837209,0.8584302325581395,0.8069767441860465,0.8419642857142857,0.840950996677741,0.025117755311341916,4,5.0,1.0,100.0,,
Diabetes,Random Forest,0.2395155429840088,0.006400458999568968,0.014758157730102538,0.0007775744720954404,,,"{'model__max_depth': 5, 'model__min_samples_leaf': 1, 'model__n_estimators': 200}",0.8761627906976744,0.8197674418604651,0.8625,0.8066860465116279,0.8410714285714286,0.8412375415282393,0.02579404485904442,3,5.0,1.0,200.0,,
Diabetes,Random Forest,0.34400668144226076,0.0125443342109219,0.019412517547607422,0.0010223361760787275,,,"{'model__max_depth': 5, 'model__min_samples_leaf': 1, 'model__n_estimators': 300}",0.875,0.8191860465116279,0.8613372093023256,0.8104651162790698,0.8407738095238095,0.8413524363233666,0.024401884673818,2,5.0,1.0,300.0,,
Diabetes,Random Forest,0.1190798282623291,0.005007558327738467,0.009990787506103516,0.0006357493638106592,,,"{'model__max_depth': 5, 'model__min_samples_leaf': 3, 'model__n_estimators': 100}",0.8723837209302325,0.8270348837209303,0.8584302325581395,0.8098837209302326,0.8354166666666667,0.8406298449612404,0.022282220623809645,6,5.0,3.0,100.0,,
Diabetes,Random Forest,0.23044538497924805,0.007054359227559265,0.01488962173461914,0.0010798070950986621,,,"{'model__max_depth': 5, 'model__min_samples_leaf': 3, 'model__n_estimators': 200}",0.876453488372093,0.8215116279069767,0.8604651162790697,0.8151162790697674,0.8342261904761904,0.8415545404208193,0.023366433898271137,1,5.0,3.0,200.0,,
Diabetes,Random Forest,0.3411420822143555,0.012077731763453708,0.01971297264099121,0.0008692325936798158,,,"{'model__max_depth': 5, 'model__min_samples_leaf': 3, 'model__n_estimators': 300}",0.8744186046511628,0.8209302325581396,0.8593023255813953,0.813953488372093,0.8360119047619047,0.840923311184939,0.0228514301660072,5,5.0,3.0,300.0,,
Diabetes,Random Forest,0.1281360149383545,0.002109807046182227,0.009978866577148438,0.0006069514931193297,,,"{'model__max_depth': 7, 'model__min_samples_leaf': 1, 'model__n_estimators': 100}",0.8715116279069767,0.8238372093023256,0.8662790697674418,0.7886627906976744,0.8258928571428571,0.8352367109634551,0.030547942420532798,16,7.0,1.0,100.0,,
Diabetes,Random Forest,0.24954533576965332,0.0041479223327012,0.01461944580078125,0.0007867438509722065,,,"{'model__max_depth': 7, 'model__min_samples_leaf': 1, 'model__n_estimators': 200}",0.8741279069767443,0.8223837209302325,0.8642441860465117,0.7944767441860464,0.8312499999999999,0.8372965116279071,0.028897103498266248,10,7.0,1.0,200.0,,
Diabetes,Random Forest,0.37515435218811033,0.021434961853771473,0.0206817626953125,0.0014976570634006893,,,"{'model__max_depth': 7, 'model__min_samples_leaf': 1, 'model__n_estimators': 300}",0.8755813953488372,0.8232558139534883,0.8575581395348837,0.7988372093023255,0.8303571428571429,0.8371179401993356,0.026834755127192685,11,7.0,1.0,300.0,,
Diabetes,Random Forest,0.1243581771850586,0.004272174578142826,0.009978723526000977,0.000633822282310308,,,"{'model__max_depth': 7, 'model__min_samples_leaf': 3, 'model__n_estimators': 100}",0.873546511627907,0.8180232558139534,0.8555232558139534,0.8075581395348836,0.8288690476190476,0.8367040420819489,0.024377747709101276,14,7.0,3.0,100.0,,
Diabetes,Random Forest,0.24028844833374025,0.007528544805537307,0.014180135726928712,0.00036660136952197295,,,"{'model__max_depth': 7, 'model__min_samples_leaf': 3, 'model__n_estimators': 200}",0.8741279069767443,0.8183139534883721,0.8566860465116279,0.8090116279069769,0.8247023809523809,0.8365683831672204,0.024693477597020067,15,7.0,3.0,200.0,,
Diabetes,Random Forest,0.37620110511779786,0.0074665007118964325,0.020795345306396484,0.0009820716590183346,,,"{'model__max_depth': 7, 'model__min_samples_leaf': 3, 'model__n_estimators': 300}",0.8755813953488373,0.8197674418604651,0.8555232558139534,0.8095930232558138,0.8279761904761904,0.8376882613510521,0.024326114063641515,8,7.0,3.0,300.0,,
Diabetes,XGBoost,0.04503111839294434,0.008318120939685258,0.008287525177001953,0.0018988492098020173,,,"{'model__learning_rate': 0.01, 'model__max_depth': 3, 'model__n_estimators': 100, 'model__subsample': 0.8}",0.8703488372093022,0.8164244186046512,0.8511627906976744,0.8088662790697675,0.8319940476190476,0.8357592746400885,0.022560819793802825,5,3.0,,100.0,0.01,0.8
Diabetes,XGBoost,0.036417913436889646,0.0017813639988193068,0.007006359100341797,0.0012624330484431875,,,"{'model__learning_rate': 0.01, 'model__max_depth': 3, 'model__n_estimators': 100, 'model__subsample': 1.0}",0.865843023255814,0.8239825581395348,0.8565406976744186,0.8183139534883721,0.8424107142857142,0.8414181893687708,0.018243107331558435,1,3.0,,100.0,0.01,1.0
Diabetes,XGBoost,0.06505064964294434,0.00273216527108246,0.0065536022186279295,0.0004745182730435058,,,"{'model__learning_rate': 0.01, 'model__max_depth': 3, 'model__n_estimators': 200, 'model__subsample': 0.8}",0.8747093023255814,0.8162790697674418,0.8523255813953489,0.8171511627906977,0.8401785714285714,0.8401287375415283,0.02209686194263422,2,3.0,,200.0,0.01,0.8
Diabetes,XGBoost,0.06373491287231445,0.007815687368257988,0.006772470474243164,0.0007611011083052252,,,"{'model__learning_rate': 0.01, 'model__max_depth': 3, 'model__n_estimators': 200, 'model__subsample': 1.0}",0.8665697674418605,0.8209302325581396,0.8438953488372093,0.8235465116279069,0.8388392857142857,0.8387562292358804,0.016426271783091927,4,3.0,,200.0,0.01,1.0
Diabetes,XGBoost,0.09538731575012208,0.007397623016589117,0.006406021118164062,0.0004900770394403918,,,"{'model__learning_rate': 0.01, 'model__max_depth': 3, 'model__n_estimators': 300, 'model__subsample': 0.8}",0.8729651162790698,0.8159883720930232,0.8488372093023255,0.8154069767441859,0.8428571428571429,0.8392109634551496,0.021685112861640328,3,3.0,,300.0,0.01,0.8
Diabetes,XGBoost,0.08554348945617676,0.003945950070001114,0.005820035934448242,0.00041066914747853547,,,"{'model__learning_rate': 0.01, 'model__max_depth': 3, 'model__n_estimators': 300, 'model__subsample': 1.0}",0.8665697674418604,0.8145348837209302,0.8377906976744186,0.8209302325581396,0.8379464285714286,0.8355544019933555,0.01804639677887189,6,3.0,,300.0,0.01,1.0
Diabetes,XGBoost,0.0654557228088379,0.0037904329466389667,0.006731176376342773,0.0011998977043927426,,,"{'model__learning_rate': 0.01, 'model__max_depth': 5, 'model__n_estimators': 100, 'model__subsample': 0.8}",0.852906976744186,0.8026162790697674,0.8517441860465116,0.8040697674418604,0.8241071428571429,0.8270888704318937,0.021964228788567363,10,5.0,,100.0,0.01,0.8
Diabetes,XGBoost,0.0807765007019043,0.009522004921613342,0.007509469985961914,0.0018313867608094967,,,"{'model__learning_rate': 0.01, 'model__max_depth': 5, 'model__n_estimators': 100, 'model__subsample': 1.0}",0.8539244186046513,0.808139534883721,0.8482558139534884,0.8127906976744186,0.7901785714285714,0.8226578073089701,0.024478152610916556,14,5.0,,100.0,0.01,1.0
Diabetes,XGBoost,0.1548304557800293,0.008087608471348791,0.009109687805175782,0.0011617115427104863,,,"{'model__learning_rate': 0.01, 'model__max_depth': 5, 'model__n_estimators': 200, 'model__subsample': 0.8}",0.8587209302325581,0.8090116279069768,0.8508720930232558,0.8008720930232558,0.8181547619047619,0.8275263012181618,0.023061641597130568,9,5.0,,200.0,0.01,0.8
Diabetes,XGBoost,0.18642940521240234,0.011788859845490737,0.011225414276123048,0.003661400682948085,,,"{'model__learning_rate': 0.01, 'model__max_depth': 5, 'model__n_estimators': 200, 'model__subsample': 1.0}",0.8630813953488372,0.8101744186046512,0.8491279069767441,0.8095930232558141,0.7907738095238095,0.8245501107419713,0.027055282203994405,13,5.0,,200.0,0.01,1.0
Diabetes,XGBoost,0.17973065376281738,0.012783840215563783,0.006401634216308594,0.0010254269237635761,,,"{'model__learning_rate': 0.01, 'model__max_depth': 5, 'model__n_estimators': 300, 'model__subsample': 0.8}",0.8593023255813953,0.8090116279069768,0.8485465116279071,0.797093023255814,0.8101190476190476,0.8248145071982282,0.024440891347032895,12,5.0,,300.0,0.01,0.8
Diabetes,XGBoost,0.16346774101257325,0.00639238696912138,0.005794239044189453,0.00040025701970464525,,,"{'model__learning_rate': 0.01, 'model__max_depth': 5, 'model__n_estimators': 300, 'model__subsample': 1.0}",0.8645348837209303,0.8159883720930232,0.8392441860465116,0.8061046511627907,0.7982142857142858,0.8248172757475084,0.024172112283383184,11,5.0,,300.0,0.01,1.0
Diabetes,XGBoost,0.0980910301208496,0.004235784066554289,0.0060160160064697266,0.0006052762853336025,,,"{'model__learning_rate': 0.01, 'model__max_depth': 7, 'model__n_estimators': 100, 'model__subsample': 0.8}",0.8444767441860465,0.8055232558139535,0.8444767441860466,0.796220930232558,0.8080357142857143,0.8197466777408637,0.02057214410288641,21,7.0,,100.0,0.01,0.8
Diabetes,XGBoost,0.11210684776306153,0.007856848308919152,0.005967473983764649,4.0577301238194086e-05,,,"{'model__learning_rate': 0.01, 'model__max_depth': 7, 'model__n_estimators': 100, 'model__subsample': 1.0}",0.8219476744186046,0.7890988372093024,0.8347383720930233,0.7811046511627906,0.7522321428571429,0.7958243355481728,0.029525960691827332,48,7.0,,100.0,0.01,1.0
Diabetes,XGBoost,0.20576949119567872,0.007273573818782125,0.007619428634643555,0.0010274759288798239,,,"{'model__learning_rate': 0.01, 'model__max_depth': 7, 'model__n_estimators': 200, 'model__subsample': 0.8}",0.8450581395348837,0.811046511627907,0.8447674418604652,0.7918604651162789,0.8083333333333333,0.8202131782945736,0.021209520489380743,20,7.0,,200.0,0.01,0.8
Diabetes,XGBoost,0.20226964950561524,0.008023377012101927,0.006580209732055664,0.0009836159243353487,,,"{'model__learning_rate': 0.01, 'model__max_depth': 7, 'model__n_estimators': 200, 'model__subsample': 1.0}",0.833139534883721,0.7999999999999998,0.8462209302325582,0.7825581395348837,0.7568452380952381,0.8037527685492801,0.03265191809524002,37,7.0,,200.0,0.01,1.0
Diabetes,XGBoost,0.2646935939788818,0.014832805777363347,0.006577157974243164,0.0007636701928866637,,,"{'model__learning_rate': 0.01, 'model__max_depth': 7, 'model__n_estimators': 300, 'model__subsample': 0.8}",0.8511627906976744,0.811046511627907,0.8433139534883721,0.7909883720930233,0.8047619047619048,0.8202547065337763,0.023101405275699722,19,7.0,,300.0,0.01,0.8
Diabetes,XGBoost,0.29364948272705077,0.02044991395739533,0.006840276718139649,0.00037847837371709115,,,"{'model__learning_rate': 0.01, 'model__max_depth': 7, 'model__n_estimators': 300, 'model__subsample': 1.0}",0.8313953488372093,0.8125,0.8354651162790698,0.7933139534883721,0.7577380952380952,0.8060825027685494,0.028444612894925884,35,7.0,,300.0,0.01,1.0
Diabetes,XGBoost,0.04033384323120117,0.0039024405075040397,0.007201576232910156,0.0009800755397575203,,,"{'model__learning_rate': 0.05, 'model__max_depth': 3, 'model__n_estimators': 100, 'model__subsample': 0.8}",0.858139534883721,0.8125,0.8494186046511628,0.8078488372093023,0.8309523809523809,0.8317718715393134,0.019753728907573948,7,3.0,,100.0,0.05,0.8
Diabetes,XGBoost,0.03461580276489258,0.0015368240158374572,0.007007980346679687,0.0014200401721177628,,,"{'model__learning_rate': 0.05, 'model__max_depth': 3, 'model__n_estimators': 100, 'model__subsample': 1.0}",0.8534883720930233,0.8122093023255813,0.8427325581395348,0.8082848837209302,0.8282738095238095,0.8289977851605759,0.017319552071293993,8,3.0,,100.0,0.05,1.0
Diabetes,XGBoost,0.06819958686828613,0.0038666231776975602,0.00711979866027832,0.0006740385551172348,,,"{'model__learning_rate': 0.05, 'model__max_depth': 3, 'model__n_estimators': 200, 'model__subsample': 0.8}",0.8348837209302326,0.8142441860465116,0.8462209302325581,0.7880813953488371,0.8074404761904762,0.8181741417497232,0.02050396007948514,22,3.0,,200.0,0.05,0.8
Diabetes,XGBoost,0.06217045783996582,0.005776604057289611,0.006382465362548828,0.0004678982443076993,,,"{'model__learning_rate': 0.05, 'model__max_depth': 3, 'model__n_estimators': 200, 'model__subsample': 1.0}",0.8351744186046511,0.8162790697674418,0.8465116279069768,0.7968023255813953,0.8095238095238095,0.8208582502768549,0.017839139069468237,18,3.0,,200.0,0.05,1.0
Diabetes,XGBoost,0.08930559158325195,0.005006960680646407,0.006602144241333008,0.00048572348600503827,,,"{'model__learning_rate': 0.05, 'model__max_depth': 3, 'model__n_estimators': 300, 'model__subsample': 0.8}",0.8322674418604652,0.8107558139534883,0.8476744186046512,0.7776162790697674,0.7922619047619047,0.8121151716500552,0.025521550451949072,27,3.0,,300.0,0.05,0.8
Diabetes,XGBoost,0.07887039184570313,0.00225236426752899,0.006415033340454101,0.0010394302459397185,,,"{'model__learning_rate': 0.05, 'model__max_depth': 3, 'model__n_estimators': 300, 'model__subsample': 1.0}",0.8264534883720931,0.8122093023255814,0.8438953488372093,0.7892441860465116,0.7898809523809524,0.8123366555924696,0.021131838833157716,26,3.0,,300.0,0.05,1.0
Diabetes,XGBoost,0.06179137229919433,0.0031264953310129475,0.006409215927124024,0.0004911272129972036,,,"{'model__learning_rate': 0.05, 'model__max_depth': 5, 'model__n_estimators': 100, 'model__subsample': 0.8}",0.854360465116279,0.8151162790697675,0.8424418604651163,0.7927325581395349,0.8050595238095237,0.8219421373200444,0.023047781332829663,16,5.0,,100.0,0.05,0.8
Diabetes,XGBoost,0.05891871452331543,0.003474115544502876,0.006215047836303711,0.0009732756678405246,,,"{'model__learning_rate': 0.05, 'model__max_depth': 5, 'model__n_estimators': 100, 'model__subsample': 1.0}",0.851453488372093,0.8215116279069767,0.8340116279069767,0.8014534883720931,0.8026785714285715,0.8222217607973421,0.01901187282948349,15,5.0,,100.0,0.05,1.0
Diabetes,XGBoost,0.10777926445007324,0.00654541508280214,0.007022953033447266,0.0012562185438470474,,,"{'model__learning_rate': 0.05, 'model__max_depth': 5, 'model__n_estimators': 200, 'model__subsample': 0.8}",0.8343023255813954,0.8046511627906977,0.8459302325581396,0.7872093023255815,0.7788690476190476,0.8101924141749723,0.026071293333457677,30,5.0,,200.0,0.05,0.8
Diabetes,XGBoost,0.10045418739318848,0.006116600962352979,0.0060040950775146484,0.000632876107210149,,,"{'model__learning_rate': 0.05, 'model__max_depth': 5, 'model__n_estimators': 200, 'model__subsample': 1.0}",0.8380813953488373,0.8127906976744186,0.8334302325581395,0.7930232558139535,0.7857142857142858,0.8126079734219269,0.020925232092641778,25,5.0,,200.0,0.05,1.0
Diabetes,XGBoost,0.14364190101623536,0.006757276093002835,0.0066072940826416016,0.0004929824724347663,,,"{'model__learning_rate': 0.05, 'model__max_depth': 5, 'model__n_estimators': 300, 'model__subsample': 0.8}",0.8220930232558139,0.8034883720930233,0.8430232558139534,0.7694767441860465,0.7678571428571429,0.801187707641196,0.029356601032338822,40,5.0,,300.0,0.05,0.8
Diabetes,XGBoost,0.13514237403869628,0.006616529674114424,0.006811332702636719,0.001000726766517539,,,"{'model__learning_rate': 0.05, 'model__max_depth': 5, 'model__n_estimators': 300, 'model__subsample': 1.0}",0.8267441860465116,0.8093023255813954,0.833139534883721,0.7875,0.7764880952380953,0.8066348283499447,0.02185849240084411,32,5.0,,300.0,0.05,1.0
Diabetes,XGBoost,0.08927936553955078,0.002945150356097025,0.005995750427246094,7.3051079134073415e-06,,,"{'model__learning_rate': 0.05, 'model__max_depth': 7, 'model__n_estimators': 100, 'model__subsample': 0.8}",0.8392441860465116,0.8113372093023256,0.8433139534883721,0.7866279069767441,0.7961309523809524,0.8153308416389811,0.022642199073916344,24,7.0,,100.0,0.05,0.8
Diabetes,XGBoost,0.08984050750732422,0.002961677463605823,0.006395101547241211,0.0004930277622180643,,,"{'model__learning_rate': 0.05, 'model__max_depth': 7, 'model__n_estimators': 100, 'model__subsample': 1.0}",0.8322674418604651,0.8136627906976743,0.8296511627906977,0.7863372093023255,0.7690476190476191,0.8061932447397563,0.024738599163835376,34,7.0,,100.0,0.05,1.0
Diabetes,XGBoost,0.1409813404083252,0.006595346091144286,0.006396579742431641,0.00048320347952072004,,,"{'model__learning_rate': 0.05, 'model__max_depth': 7, 'model__n_estimators': 200, 'model__subsample': 0.8}",0.8334302325581395,0.8063953488372092,0.8404069767441861,0.7694767441860465,0.7773809523809523,0.8054180509413069,0.02859272210164643,36,7.0,,200.0,0.05,0.8
Diabetes,XGBoost,0.1513289451599121,0.006421549315773271,0.006733322143554687,0.0011547874562403647,,,"{'model__learning_rate': 0.05, 'model__max_depth': 7, 'model__n_estimators': 200, 'model__subsample': 1.0}",0.8247093023255814,0.7999999999999999,0.8328488372093023,0.7784883720930234,0.7592261904761906,0.7990545404208195,0.02760572381457516,44,7.0,,200.0,0.05,1.0
Diabetes,XGBoost,0.1948835849761963,0.006927666241438562,0.006404399871826172,0.0004940726533459404,,,"{'model__learning_rate': 0.05, 'model__max_depth': 7, 'model__n_estimators': 300, 'model__subsample': 0.8}",0.8281976744186047,0.8061046511627906,0.8430232558139534,0.7627906976744185,0.7735119047619048,0.8027256367663345,0.030764856701303932,39,7.0,,300.0,0.05,0.8
Diabetes,XGBoost,0.19272203445434571,0.005401039670810887,0.006605863571166992,0.000494423962403525,,,"{'model__learning_rate': 0.05, 'model__max_depth': 7, 'model__n_estimators': 300, 'model__subsample': 1.0}",0.8133720930232557,0.7979651162790697,0.8343023255813954,0.7697674418604652,0.756547619047619,0.7943909191583609,0.02829986292024522,51,7.0,,300.0,0.05,1.0
Diabetes,XGBoost,0.03460593223571777,0.0017412541425841665,0.005800294876098633,0.00040021083301582143,,,"{'model__learning_rate': 0.1, 'model__max_depth': 3, 'model__n_estimators': 100, 'model__subsample': 0.8}",0.8322674418604651,0.8061046511627907,0.8430232558139535,0.7843023255813952,0.8178571428571428,0.8167109634551496,0.020486425486389577,23,3.0,,100.0,0.1,0.8
Diabetes,XGBoost,0.030925416946411134,0.0007806436046333443,0.0057403564453125,0.0003900024677722888,,,"{'model__learning_rate': 0.1, 'model__max_depth': 3, 'model__n_estimators': 100, 'model__subsample': 1.0}",0.844186046511628,0.8069767441860465,0.8380813953488372,0.7997093023255814,0.818154761904762,0.821421650055371,0.0172424984672312,17,3.0,,100.0,0.1,1.0
Diabetes,XGBoost,0.05680346488952637,0.0025098267722137332,0.0058075904846191405,0.0004045669334806498,,,"{'model__learning_rate': 0.1, 'model__max_depth': 3, 'model__n_estimators': 200, 'model__subsample': 0.8}",0.8069767441860465,0.8104651162790697,0.8450581395348837,0.7569767441860464,0.7839285714285714,0.8006810631229235,0.029310072257807292,41,3.0,,200.0,0.1,0.8
Diabetes,XGBoost,0.05139288902282715,0.0014890590931734642,0.005793046951293945,0.000395979610003319,,,"{'model__learning_rate': 0.1, 'model__max_depth': 3, 'model__n_estimators': 200, 'model__subsample': 1.0}",0.8302325581395349,0.798546511627907,0.8392441860465115,0.7872093023255813,0.78125,0.8072965116279068,0.023260246670570157,31,3.0,,200.0,0.1,1.0
Diabetes,XGBoost,0.08308515548706055,0.002100517387105125,0.006399726867675782,0.0007655774138439135,,,"{'model__learning_rate': 0.1, 'model__max_depth': 3, 'model__n_estimators': 300, 'model__subsample': 0.8}",0.8023255813953488,0.8063953488372092,0.8450581395348837,0.7395348837209302,0.7791666666666666,0.7944961240310077,0.034684692776295406,50,3.0,,300.0,0.1,0.8
Diabetes,XGBoost,0.07537083625793457,0.0012055516610172297,0.006090927124023438,0.0009841021877628404,,,"{'model__learning_rate': 0.1, 'model__max_depth': 3, 'model__n_estimators': 300, 'model__subsample': 1.0}",0.8209302325581395,0.7959302325581395,0.8436046511627907,0.7747093023255813,0.7681547619047618,0.8006658361018826,0.02831086411477296,42,3.0,,300.0,0.1,1.0
Diabetes,XGBoost,0.059767293930053714,0.002076942337607671,0.0063534736633300785,0.001395974334750052,,,"{'model__learning_rate': 0.1, 'model__max_depth': 5, 'model__n_estimators': 100, 'model__subsample': 0.8}",0.8398255813953488,0.7886627906976743,0.8468023255813953,0.7837209302325582,0.7973214285714285,0.8112666112956811,0.026617915527030234,29,5.0,,100.0,0.1,0.8
Diabetes,XGBoost,0.05638465881347656,0.0033885544822521204,0.005612039566040039,0.0004837120979374204,,,"{'model__learning_rate': 0.1, 'model__max_depth': 5, 'model__n_estimators': 100, 'model__subsample': 1.0}",0.8357558139534884,0.8156976744186046,0.8383720930232558,0.7941860465116279,0.7744047619047619,0.8116832779623477,0.024510145186040264,28,5.0,,100.0,0.1,1.0
Diabetes,XGBoost,0.09359688758850097,0.005677060882766793,0.006187057495117188,0.0004058985835171994,,,"{'model__learning_rate': 0.1, 'model__max_depth': 5, 'model__n_estimators': 200, 'model__subsample': 0.8}",0.825,0.7927325581395348,0.841860465116279,0.7636627906976744,0.7779761904761905,0.8002464008859358,0.029104129087761967,43,5.0,,200.0,0.1,0.8
Diabetes,XGBoost,0.09143695831298829,0.006872344409710145,0.006037139892578125,4.237110700684133e-05,,,"{'model__learning_rate': 0.1, 'model__max_depth': 5, 'model__n_estimators': 200, 'model__subsample': 1.0}",0.8188953488372093,0.8034883720930233,0.8369186046511627,0.7718023255813953,0.756547619047619,0.7975304540420819,0.02961388621503498,47,5.0,,200.0,0.1,1.0
Diabetes,XGBoost,0.12699480056762696,0.004229451118239827,0.006208658218383789,0.00043599800537164876,,,"{'model__learning_rate': 0.1, 'model__max_depth': 5, 'model__n_estimators': 300, 'model__subsample': 0.8}",0.8244186046511627,0.790406976744186,0.8465116279069768,0.756686046511628,0.7717261904761905,0.7979498892580288,0.0331846891814982,46,5.0,,300.0,0.1,0.8
Diabetes,XGBoost,0.11987700462341308,0.007025202909188322,0.007071304321289063,0.0014699008055953666,,,"{'model__learning_rate': 0.1, 'model__max_depth': 5, 'model__n_estimators': 300, 'model__subsample': 1.0}",0.8113372093023256,0.8031976744186047,0.8392441860465116,0.7607558139534885,0.7517857142857143,0.7932641196013288,0.03260897617703241,53,5.0,,300.0,0.1,1.0
Diabetes,XGBoost,0.0796844482421875,0.0061338146310742385,0.006609487533569336,0.0008081264389360843,,,"{'model__learning_rate': 0.1, 'model__max_depth': 7, 'model__n_estimators': 100, 'model__subsample': 0.8}",0.8238372093023256,0.7997093023255815,0.8386627906976745,0.7790697674418605,0.7898809523809525,0.806232004429679,0.021951714286540996,33,7.0,,100.0,0.1,0.8
Diabetes,XGBoost,0.08644514083862305,0.004734210013474823,0.007399511337280273,0.001038072646949398,,,"{'model__learning_rate': 0.1, 'model__max_depth': 7, 'model__n_estimators': 100, 'model__subsample': 1.0}",0.8255813953488372,0.7997093023255814,0.8369186046511627,0.7851744186046512,0.7675595238095239,0.8029886489479512,0.025475470197917013,38,7.0,,100.0,0.1,1.0
Diabetes,XGBoost,0.12358927726745605,0.007824142003741343,0.006591033935546875,0.0010169944343686936,,,"{'model__learning_rate': 0.1, 'model__max_depth': 7, 'model__n_estimators': 200, 'model__subsample': 0.8}",0.8154069767441862,0.795639534883721,0.8401162790697675,0.7636627906976744,0.7767857142857143,0.7983222591362127,0.027243076933067024,45,7.0,,200.0,0.1,0.8
Diabetes,XGBoost,0.12020287513732911,0.0056533906997862,0.006083393096923828,0.00045171044990303407,,,"{'model__learning_rate': 0.1, 'model__max_depth': 7, 'model__n_estimators': 200, 'model__subsample': 1.0}",0.8177325581395349,0.797093023255814,0.8328488372093024,0.7645348837209303,0.7651785714285715,0.7954775747508307,0.02745900561833179,49,7.0,,200.0,0.1,1.0
Diabetes,XGBoost,0.15058679580688478,0.004912725829888463,0.0060007572174072266,1.4384368065832478e-06,,,"{'model__learning_rate': 0.1, 'model__max_depth': 7, 'model__n_estimators': 300, 'model__subsample': 0.8}",0.8116279069767443,0.7950581395348836,0.8357558139534884,0.7543604651162792,0.7723214285714285,0.7938247508305648,0.028623453272443658,52,7.0,,300.0,0.1,0.8
Diabetes,XGBoost,0.15804095268249513,0.013500861759915921,0.007804393768310547,0.0021286224217609124,,,"{'model__learning_rate': 0.1, 'model__max_depth': 7, 'model__n_estimators': 300, 'model__subsample': 1.0}",0.8145348837209303,0.7962209302325581,0.8296511627906976,0.759593023255814,0.7601190476190477,0.7920238095238095,0.028319080944773704,54,7.0,,300.0,0.1,1.0
Heart Disease,Logistic Regression,0.007001447677612305,3.863263912301845e-06,0.0036211013793945312,0.00046376744193148714,0.1,,"{'model__C': 0.1, 'model__class_weight': None}",0.9353146853146853,0.8653846153846154,0.7781818181818182,0.96,0.8278388278388279,0.8733439893439894,0.06714095846745324,1,,,,,
Heart Disease,Logistic Regression,0.008005189895629882,1.6209237394821273e-05,0.0033289909362792967,0.0004271467074107007,0.1,balanced,"{'model__C': 0.1, 'model__class_weight': 'balanced'}",0.9353146853146853,0.8653846153846154,0.7781818181818182,0.96,0.8278388278388279,0.8733439893439894,0.06714095846745324,1,,,,,
Heart Disease,Logistic Regression,0.007012271881103515,0.0005983770506073529,0.004114723205566407,0.0017787988761518586,1.0,,"{'model__C': 1.0, 'model__class_weight': None}",0.9213286713286714,0.8601398601398601,0.7636363636363636,0.9581818181818182,0.8278388278388279,0.8662251082251082,0.06859653993492484,5,,,,,
Heart Disease,Logistic Regression,0.007734537124633789,0.0014333939360349733,0.003192138671875,0.00039750523483824454,1.0,balanced,"{'model__C': 1.0, 'model__class_weight': 'balanced'}",0.9213286713286714,0.8601398601398601,0.7636363636363636,0.9581818181818182,0.8278388278388279,0.8662251082251082,0.06859653993492484,5,,,,,
Heart Disease,Logistic Regression,0.007546901702880859,0.00048655406102255256,0.003404998779296875,0.0008318826991482562,10.0,,"{'model__C': 10.0, 'model__class_weight': None}",0.9265734265734266,0.8636363636363636,0.7636363636363637,0.9581818181818182,0.8241758241758242,0.8672407592407592,0.0698456766056458,3,,,,,
Heart Disease,Logistic Regression,0.007380485534667969,0.0007598578834287199,0.003914833068847656,0.0006575389904827362,10.0,balanced,"{'model__C': 10.0, 'model__class_weight': 'balanced'}",0.9265734265734266,0.8636363636363636,0.7636363636363637,0.9581818181818182,0.8241758241758242,0.8672407592407592,0.0698456766056458,3,,,,,
Heart Disease,Random Forest,0.08900914192199708,0.0060569080061261054,0.00924234390258789,0.0014562520499682504,,,"{'model__max_depth': 3, 'model__min_samples_leaf': 1, 'model__n_estimators': 100}",0.9685314685314685,0.8846153846153846,0.7763636363636364,0.9472727272727273,0.8516483516483517,0.8856863136863137,0.06894546184561445,4,3.0,1.0,100.0,,
Heart Disease,Random Forest,0.185261869430542,0.005279853131031193,0.014428424835205077,0.001137094350149998,,,"{'model__max_depth': 3, 'model__min_samples_leaf': 1, 'model__n_estimators': 200}",0.9667832167832168,0.8846153846153846,0.7745454545454545,0.9454545454545455,0.8608058608058607,0.8864408924408924,0.06799790683587982,1,3.0,1.0,200.0,,
Heart Disease,Random Forest,0.2515254020690918,0.007054960203075521,0.018751144409179688,0.0007964860716042852,,,"{'model__max_depth': 3, 'model__min_samples_leaf': 1, 'model__n_estimators': 300}",0.9702797202797203,0.8828671328671329,0.7781818181818182,0.9509090909090909,0.847985347985348,0.8860446220446221,0.06985118514711686,2,3.0,1.0,300.0,,
Heart Disease,Random Forest,0.09997029304504394,0.01437323773260083,0.009825897216796876,0.002257831171662667,,,"{'model__max_depth': 3, 'model__min_samples_leaf': 3, 'model__n_estimators': 100}",0.9667832167832168,0.8793706293706294,0.7818181818181817,0.9454545454545454,0.8516483516483516,0.8850149850149849,0.06653383403281911,6,3.0,3.0,100.0,,
Heart Disease,Random Forest,0.17277045249938966,0.004174907172572764,0.014022207260131836,0.0011347910968097187,,,"{'model__max_depth': 3, 'model__min_samples_leaf': 3, 'model__n_estimators': 200}",0.9650349650349651,0.881118881118881,0.7709090909090909,0.9490909090909091,0.8424908424908425,0.8817289377289377,0.07113166398649656,8,3.0,3.0,200.0,,
Heart Disease,Random Forest,0.26618452072143556,0.0064549829480202965,0.020825767517089845,0.0026123556138109294,,,"{'model__max_depth': 3, 'model__min_samples_leaf': 3, 'model__n_estimators': 300}",0.9702797202797203,0.8811188811188811,0.7836363636363636,0.9509090909090909,0.8424908424908425,0.8856869796869796,0.06886357176732237,3,3.0,3.0,300.0,,
Heart Disease,Random Forest,0.08828353881835938,0.0020328483118001615,0.009396553039550781,0.0014945175018543763,,,"{'model__max_depth': 5, 'model__min_samples_leaf': 1, 'model__n_estimators': 100}",0.9597902097902098,0.8776223776223777,0.7727272727272727,0.9418181818181819,0.8461538461538461,0.8796223776223776,0.06759571794610676,13,5.0,1.0,100.0,,
Heart Disease,Random Forest,0.17692599296569825,0.0077647084454366576,0.013404750823974609,0.0007009058016765222,,,"{'model__max_depth': 5, 'model__min_samples_leaf': 1, 'model__n_estimators': 200}",0.9650349650349651,0.8706293706293706,0.7545454545454546,0.9381818181818181,0.8516483516483516,0.8760079920079921,0.07371140514284397,15,5.0,1.0,200.0,,
Heart Disease,Random Forest,0.27072830200195314,0.015361631205477195,0.018314027786254884,0.0012993684785547123,,,"{'model__max_depth': 5, 'model__min_samples_leaf': 1, 'model__n_estimators': 300}",0.9632867132867133,0.8811188811188811,0.7618181818181818,0.9418181818181819,0.8461538461538461,0.8788391608391608,0.07192382449441678,14,5.0,1.0,300.0,,
Heart Disease,Random Forest,0.10419940948486328,0.006426154539472316,0.010021448135375977,0.0010749512775402356,,,"{'model__max_depth': 5, 'model__min_samples_leaf': 3, 'model__n_estimators': 100}",0.9597902097902098,0.8846153846153846,0.769090909090909,0.9527272727272728,0.8589743589743589,0.885039627039627,0.0697035872465516,5,5.0,3.0,100.0,,
Heart Disease,Random Forest,0.178231143951416,0.010190166897698229,0.01371145248413086,0.0011352810004036497,,,"{'model__max_depth': 5, 'model__min_samples_leaf': 3, 'model__n_estimators': 200}",0.9632867132867133,0.8741258741258742,0.7654545454545455,0.9527272727272728,0.8553113553113554,0.8821811521811522,0.07206502809634584,7,5.0,3.0,200.0,,
Heart Disease,Random Forest,0.2695977210998535,0.006366346368352811,0.018019771575927733,0.001250706803735849,,,"{'model__max_depth': 5, 'model__min_samples_leaf': 3, 'model__n_estimators': 300}",0.9632867132867133,0.8723776223776224,0.76,0.9527272727272728,0.8516483516483516,0.880007992007992,0.07414559878234579,12,5.0,3.0,300.0,,
Heart Disease,Random Forest,0.09403924942016602,0.006227464645533108,0.009200382232666015,0.0007540683039529161,,,"{'model__max_depth': 7, 'model__min_samples_leaf': 1, 'model__n_estimators': 100}",0.9458041958041958,0.868881118881119,0.7509090909090909,0.9381818181818181,0.815018315018315,0.8637589077589076,0.07403669695059725,18,7.0,1.0,100.0,,
Heart Disease,Random Forest,0.1884988307952881,0.008388439723882622,0.014171409606933593,0.0007557696632322014,,,"{'model__max_depth': 7, 'model__min_samples_leaf': 1, 'model__n_estimators': 200}",0.9493006993006994,0.8566433566433567,0.7581818181818182,0.9418181818181818,0.8388278388278388,0.8689543789543789,0.0708440468514015,17,7.0,1.0,200.0,,
Heart Disease,Random Forest,0.27484593391418455,0.006499866053939517,0.01782832145690918,0.0016221392262444163,,,"{'model__max_depth': 7, 'model__min_samples_leaf': 1, 'model__n_estimators': 300}",0.9545454545454546,0.8566433566433567,0.7563636363636363,0.9454545454545455,0.8351648351648351,0.8696343656343656,0.0736827871934124,16,7.0,1.0,300.0,,
Heart Disease,Random Forest,0.09053592681884766,0.00304486165128381,0.008610773086547851,0.0004955573932903172,,,"{'model__max_depth': 7, 'model__min_samples_leaf': 3, 'model__n_estimators': 100}",0.958041958041958,0.8881118881118881,0.7654545454545454,0.9418181818181819,0.847985347985348,0.8802823842823843,0.06945939525117924,10,7.0,3.0,100.0,,
Heart Disease,Random Forest,0.1794890880584717,0.007971747178223795,0.014216852188110352,0.0014550102141858254,,,"{'model__max_depth': 7, 'model__min_samples_leaf': 3, 'model__n_estimators': 200}",0.9597902097902098,0.8758741258741258,0.769090909090909,0.9545454545454546,0.8461538461538461,0.881090909090909,0.07124740468577373,9,7.0,3.0,200.0,,
Heart Disease,Random Forest,0.2730679988861084,0.005860736843573087,0.019005727767944337,0.0008973539353641134,,,"{'model__max_depth': 7, 'model__min_samples_leaf': 3, 'model__n_estimators': 300}",0.9580419580419581,0.8741258741258741,0.7581818181818183,0.9563636363636364,0.8534798534798534,0.8800386280386281,0.07416122660905267,11,7.0,3.0,300.0,,
Heart Disease,XGBoost,0.02313694953918457,0.0011996829692813365,0.005203533172607422,0.00040229446877852395,,,"{'model__learning_rate': 0.01, 'model__max_depth': 3, 'model__n_estimators': 100, 'model__subsample': 0.8}",0.9475524475524476,0.8461538461538461,0.7618181818181818,0.9472727272727273,0.86996336996337,0.8745521145521146,0.06950366025929937,24,3.0,,100.0,0.01,0.8
Heart Disease,XGBoost,0.021363067626953124,0.0014199222949226541,0.004594182968139649,0.0004942828891346922,,,"{'model__learning_rate': 0.01, 'model__max_depth': 3, 'model__n_estimators': 100, 'model__subsample': 1.0}",0.9545454545454546,0.7919580419580419,0.7318181818181819,0.93,0.8315018315018315,0.847964701964702,0.08365050287421427,52,3.0,,100.0,0.01,1.0
Heart Disease,XGBoost,0.034999418258666995,0.0007327403708460281,0.005502080917358399,0.0007689653871445803,,,"{'model__learning_rate': 0.01, 'model__max_depth': 3, 'model__n_estimators': 200, 'model__subsample': 0.8}",0.9475524475524475,0.8601398601398602,0.7654545454545455,0.9563636363636363,0.8754578754578755,0.880993672993673,0.06917444384533546,4,3.0,,200.0,0.01,0.8
Heart Disease,XGBoost,0.033777904510498044,0.0016166422164087858,0.005354690551757813,0.0017119633639288419,,,"{'model__learning_rate': 0.01, 'model__max_depth': 3, 'model__n_estimators': 200, 'model__subsample': 1.0}",0.9580419580419581,0.8356643356643356,0.7427272727272727,0.9436363636363637,0.858974358974359,0.8678088578088579,0.07829245764155757,40,3.0,,200.0,0.01,1.0
Heart Disease,XGBoost,0.04816417694091797,0.0016019534162272904,0.004424238204956054,0.0004736936569843245,,,"{'model__learning_rate': 0.01, 'model__max_depth': 3, 'model__n_estimators': 300, 'model__subsample': 0.8}",0.9493006993006994,0.8601398601398601,0.770909090909091,0.9581818181818181,0.8626373626373627,0.8802337662337664,0.06857320637428634,8,3.0,,300.0,0.01,0.8
Heart Disease,XGBoost,0.059502696990966795,0.014645522670612232,0.005702543258666992,0.001939341588201293,,,"{'model__learning_rate': 0.01, 'model__max_depth': 3, 'model__n_estimators': 300, 'model__subsample': 1.0}",0.9562937062937062,0.854895104895105,0.75,0.9509090909090909,0.8827838827838828,0.8789763569763569,0.07534135030641136,12,3.0,,300.0,0.01,1.0
Heart Disease,XGBoost,0.03792319297790527,0.0025449389369910868,0.005805158615112304,0.0014359521526910491,,,"{'model__learning_rate': 0.01, 'model__max_depth': 5, 'model__n_estimators': 100, 'model__subsample': 0.8}",0.9388111888111889,0.8531468531468531,0.7600000000000001,0.9472727272727273,0.8406593406593407,0.867978021978022,0.06918166658814442,39,5.0,,100.0,0.01,0.8
Heart Disease,XGBoost,0.03436851501464844,0.0010219481597004438,0.005910110473632812,0.0008520784810550317,,,"{'model__learning_rate': 0.01, 'model__max_depth': 5, 'model__n_estimators': 100, 'model__subsample': 1.0}",0.9379370629370629,0.8181818181818181,0.7209090909090909,0.9127272727272727,0.8086080586080586,0.8396726606726606,0.0781338856197677,54,5.0,,100.0,0.01,1.0
Heart Disease,XGBoost,0.06075201034545898,0.0020551315844263133,0.005382394790649414,0.0010287276783695384,,,"{'model__learning_rate': 0.01, 'model__max_depth': 5, 'model__n_estimators': 200, 'model__subsample': 0.8}",0.9475524475524475,0.8513986013986014,0.7672727272727272,0.96,0.8589743589743589,0.8770396270396269,0.07055078983119575,17,5.0,,200.0,0.01,0.8
Heart Disease,XGBoost,0.055511760711669925,0.0009680698662591731,0.0047989368438720705,0.0004092051745645414,,,"{'model__learning_rate': 0.01, 'model__max_depth': 5, 'model__n_estimators': 200, 'model__subsample': 1.0}",0.9353146853146853,0.8234265734265734,0.7281818181818182,0.9400000000000002,0.8186813186813187,0.8491208791208791,0.07987666428140988,51,5.0,,200.0,0.01,1.0
Heart Disease,XGBoost,0.07630748748779297,0.0033304629628590414,0.005596590042114258,0.0013257775214562996,,,"{'model__learning_rate': 0.01, 'model__max_depth': 5, 'model__n_estimators': 300, 'model__subsample': 0.8}",0.9475524475524475,0.8636363636363636,0.7763636363636365,0.9581818181818182,0.8608058608058607,0.8813080253080253,0.06639857627347558,3,5.0,,300.0,0.01,0.8
Heart Disease,XGBoost,0.08079137802124023,0.0024903449853604367,0.004993057250976563,1.2589404044848959e-05,,,"{'model__learning_rate': 0.01, 'model__max_depth': 5, 'model__n_estimators': 300, 'model__subsample': 1.0}",0.9388111888111887,0.8479020979020978,0.730909090909091,0.9509090909090909,0.8333333333333333,0.8603729603729603,0.07999612984482449,48,5.0,,300.0,0.01,1.0
Heart Disease,XGBoost,0.03479609489440918,0.0013200990777241842,0.004783058166503906,0.00039301350171635916,,,"{'model__learning_rate': 0.01, 'model__max_depth': 7, 'model__n_estimators': 100, 'model__subsample': 0.8}",0.9388111888111889,0.8479020979020979,0.7618181818181818,0.9509090909090909,0.8406593406593407,0.8680199800199799,0.06973400268812235,38,7.0,,100.0,0.01,0.8
Heart Disease,XGBoost,0.03847737312316894,0.0026649421729859745,0.0046122074127197266,0.0004684374560947802,,,"{'model__learning_rate': 0.01, 'model__max_depth': 7, 'model__n_estimators': 100, 'model__subsample': 1.0}",0.9431818181818181,0.8120629370629371,0.7245454545454546,0.9181818181818181,0.804945054945055,0.8405834165834165,0.08012023857608254,53,7.0,,100.0,0.01,1.0
Heart Disease,XGBoost,0.06079988479614258,0.0030888812458243773,0.00520930290222168,0.0010055536474912344,,,"{'model__learning_rate': 0.01, 'model__max_depth': 7, 'model__n_estimators': 200, 'model__subsample': 0.8}",0.9458041958041958,0.854895104895105,0.7672727272727272,0.9581818181818182,0.8589743589743589,0.877025641025641,0.06953866000780562,18,7.0,,200.0,0.01,0.8
Heart Disease,XGBoost,0.0714184284210205,0.0014308692532400801,0.004985809326171875,3.183115725998869e-05,,,"{'model__learning_rate': 0.01, 'model__max_depth': 7, 'model__n_estimators': 200, 'model__subsample': 1.0}",0.9423076923076923,0.8321678321678322,0.7372727272727272,0.9381818181818182,0.8186813186813187,0.8537222777222777,0.0777608518285116,50,7.0,,200.0,0.01,1.0
Heart Disease,XGBoost,0.08241810798645019,0.006661494236164071,0.004804134368896484,0.0003662863978980507,,,"{'model__learning_rate': 0.01, 'model__max_depth': 7, 'model__n_estimators': 300, 'model__subsample': 0.8}",0.9475524475524475,0.8636363636363636,0.7745454545454546,0.9527272727272728,0.8626373626373627,0.8802197802197803,0.06563876717337216,9,7.0,,300.0,0.01,0.8
Heart Disease,XGBoost,0.09800786972045898,0.007820646942562548,0.005404806137084961,0.0008056378157090018,,,"{'model__learning_rate': 0.01, 'model__max_depth': 7, 'model__n_estimators': 300, 'model__subsample': 1.0}",0.9440559440559441,0.8548951048951049,0.7318181818181818,0.9436363636363636,0.8205128205128205,0.8589836829836829,0.08008889356501708,49,7.0,,300.0,0.01,1.0
Heart Disease,XGBoost,0.024487924575805665,0.00226461816964819,0.005120277404785156,0.00030448444111215065,,,"{'model__learning_rate': 0.05, 'model__max_depth': 3, 'model__n_estimators': 100, 'model__subsample': 0.8}",0.9527972027972028,0.8793706293706294,0.7672727272727273,0.96,0.86996336996337,0.8858807858807858,0.06976400588932523,1,3.0,,100.0,0.05,0.8
Heart Disease,XGBoost,0.022116994857788085,0.0014332430556473865,0.005436086654663086,0.0013668687858861782,,,"{'model__learning_rate': 0.05, 'model__max_depth': 3, 'model__n_estimators': 100, 'model__subsample': 1.0}",0.9475524475524476,0.8706293706293706,0.7581818181818182,0.9490909090909091,0.8772893772893773,0.8805487845487846,0.06967095041507353,6,3.0,,100.0,0.05,1.0
Heart Disease,XGBoost,0.03912172317504883,0.0011427497415687604,0.0051857948303222655,0.0004101609660130105,,,"{'model__learning_rate': 0.05, 'model__max_depth': 3, 'model__n_estimators': 200, 'model__subsample': 0.8}",0.9388111888111889,0.8653846153846154,0.7745454545454545,0.9563636363636363,0.8589743589743589,0.8788158508158507,0.06489914952698674,13,3.0,,200.0,0.05,0.8
Heart Disease,XGBoost,0.03591299057006836,0.002403108553284989,0.005245113372802734,0.0003813395754993481,,,"{'model__learning_rate': 0.05, 'model__max_depth': 3, 'model__n_estimators': 200, 'model__subsample': 1.0}",0.9318181818181819,0.8531468531468532,0.769090909090909,0.9436363636363636,0.8717948717948717,0.8738974358974358,0.06267016255241786,26,3.0,,200.0,0.05,1.0
Heart Disease,XGBoost,0.043643522262573245,0.0015427072453519611,0.004823827743530273,0.000397101631452288,,,"{'model__learning_rate': 0.05, 'model__max_depth': 3, 'model__n_estimators': 300, 'model__subsample': 0.8}",0.9353146853146853,0.8496503496503497,0.7890909090909092,0.9545454545454546,0.8571428571428571,0.8771488511488512,0.060471657860272476,16,3.0,,300.0,0.05,0.8
Heart Disease,XGBoost,0.04643998146057129,0.0016654431469965265,0.00520792007446289,0.00040253737720044635,,,"{'model__learning_rate': 0.05, 'model__max_depth': 3, 'model__n_estimators': 300, 'model__subsample': 1.0}",0.9265734265734266,0.8444055944055944,0.7781818181818182,0.9454545454545454,0.8644688644688644,0.8718168498168497,0.059989468872657034,30,3.0,,300.0,0.05,1.0
Heart Disease,XGBoost,0.02942209243774414,0.0024116150761005787,0.004329586029052734,0.00041466387122804604,,,"{'model__learning_rate': 0.05, 'model__max_depth': 5, 'model__n_estimators': 100, 'model__subsample': 0.8}",0.9562937062937062,0.8811188811188811,0.7654545454545455,0.9454545454545454,0.8534798534798534,0.8803603063603063,0.06918035741561052,7,5.0,,100.0,0.05,0.8
Heart Disease,XGBoost,0.030524015426635742,0.0014579091612597311,0.004799461364746094,0.0003919029600191965,,,"{'model__learning_rate': 0.05, 'model__max_depth': 5, 'model__n_estimators': 100, 'model__subsample': 1.0}",0.9353146853146853,0.854895104895105,0.7418181818181817,0.94,0.8388278388278388,0.8621711621711622,0.0727873541347327,47,5.0,,100.0,0.05,1.0
Heart Disease,XGBoost,0.04570479393005371,0.0034788582489250915,0.0049912452697753905,0.0006153995115134355,,,"{'model__learning_rate': 0.05, 'model__max_depth': 5, 'model__n_estimators': 200, 'model__subsample': 0.8}",0.9493006993006994,0.8636363636363636,0.78,0.9490909090909091,0.8608058608058609,0.8805667665667667,0.0635778547850012,5,5.0,,200.0,0.05,0.8
Heart Disease,XGBoost,0.04912457466125488,0.0014520184315928218,0.005234813690185547,0.00042895814902536736,,,"{'model__learning_rate': 0.05, 'model__max_depth': 5, 'model__n_estimators': 200, 'model__subsample': 1.0}",0.9108391608391607,0.8758741258741258,0.7454545454545454,0.9381818181818182,0.8571428571428571,0.8654985014985014,0.06622184181974758,44,5.0,,200.0,0.05,1.0
Heart Disease,XGBoost,0.06351518630981445,0.005130958826115326,0.0053901195526123045,0.0008087522767279913,,,"{'model__learning_rate': 0.05, 'model__max_depth': 5, 'model__n_estimators': 300, 'model__subsample': 0.8}",0.9440559440559441,0.8513986013986014,0.7872727272727273,0.9490909090909091,0.8553113553113554,0.8774259074259074,0.06143208316663653,15,5.0,,300.0,0.05,0.8
Heart Disease,XGBoost,0.060421323776245116,0.0010815325806061802,0.0052012443542480465,0.0007497205962797081,,,"{'model__learning_rate': 0.05, 'model__max_depth': 5, 'model__n_estimators': 300, 'model__subsample': 1.0}",0.9038461538461537,0.868881118881119,0.7672727272727272,0.9454545454545454,0.8498168498168498,0.867054279054279,0.05959373827632655,41,5.0,,300.0,0.05,1.0
Heart Disease,XGBoost,0.031237363815307617,0.002740343715708604,0.004570960998535156,0.000468361413974329,,,"{'model__learning_rate': 0.05, 'model__max_depth': 7, 'model__n_estimators': 100, 'model__subsample': 0.8}",0.9545454545454546,0.8776223776223776,0.7781818181818182,0.9454545454545454,0.8608058608058607,0.8833220113220113,0.06407363534913035,2,7.0,,100.0,0.05,0.8
Heart Disease,XGBoost,0.03593764305114746,0.0037067038261184067,0.005775165557861328,0.0007590277558323662,,,"{'model__learning_rate': 0.05, 'model__max_depth': 7, 'model__n_estimators': 100, 'model__subsample': 1.0}",0.9405594405594405,0.8671328671328672,0.7545454545454545,0.9454545454545454,0.8369963369963369,0.8689377289377289,0.07084291816606295,35,7.0,,100.0,0.05,1.0
Heart Disease,XGBoost,0.046409988403320314,0.0026169877015450615,0.005957889556884766,0.001534721215992672,,,"{'model__learning_rate': 0.05, 'model__max_depth': 7, 'model__n_estimators': 200, 'model__subsample': 0.8}",0.951048951048951,0.8653846153846154,0.7727272727272727,0.9490909090909091,0.8608058608058607,0.8798115218115218,0.06619787308881667,10,7.0,,200.0,0.05,0.8
Heart Disease,XGBoost,0.05957608222961426,0.0018365979441857336,0.007704019546508789,0.0014190501582474447,,,"{'model__learning_rate': 0.05, 'model__max_depth': 7, 'model__n_estimators': 200, 'model__subsample': 1.0}",0.9335664335664335,0.8723776223776223,0.7472727272727272,0.9436363636363636,0.8498168498168498,0.8693339993339991,0.07061980437818782,34,7.0,,200.0,0.05,1.0
Heart Disease,XGBoost,0.0758288860321045,0.004798948910360936,0.00731205940246582,0.0017204643283307878,,,"{'model__learning_rate': 0.05, 'model__max_depth': 7, 'model__n_estimators': 300, 'model__subsample': 0.8}",0.9475524475524475,0.8566433566433567,0.7890909090909092,0.9454545454545454,0.858974358974359,0.8795431235431235,0.06016420894493498,11,7.0,,300.0,0.05,0.8
Heart Disease,XGBoost,0.07307133674621583,0.0034380469986377634,0.007206344604492187,0.001163432065457513,,,"{'model__learning_rate': 0.05, 'model__max_depth': 7, 'model__n_estimators': 300, 'model__subsample': 1.0}",0.916083916083916,0.868881118881119,0.76,0.949090909090909,0.8498168498168498,0.8687745587745587,0.06462229048516398,36,7.0,,300.0,0.05,1.0
Heart Disease,XGBoost,0.024107646942138673,0.003406335451252955,0.004979515075683593,0.0006008133926071907,,,"{'model__learning_rate': 0.1, 'model__max_depth': 3, 'model__n_estimators': 100, 'model__subsample': 0.8}",0.9440559440559441,0.8636363636363636,0.7781818181818182,0.94,0.8571428571428571,0.8766033966033966,0.06132314264471877,19,3.0,,100.0,0.1,0.8
Heart Disease,XGBoost,0.022815704345703125,0.0017207400281439562,0.00610966682434082,0.0024499857801528386,,,"{'model__learning_rate': 0.1, 'model__max_depth': 3, 'model__n_estimators': 100, 'model__subsample': 1.0}",0.9300699300699301,0.8601398601398601,0.7581818181818182,0.9418181818181818,0.86996336996337,0.8720346320346319,0.06533923566378631,29,3.0,,100.0,0.1,1.0
Heart Disease,XGBoost,0.03888645172119141,0.004514641807305974,0.005593681335449218,0.0007901507908278964,,,"{'model__learning_rate': 0.1, 'model__max_depth': 3, 'model__n_estimators': 200, 'model__subsample': 0.8}",0.9335664335664335,0.8374125874125875,0.7872727272727272,0.9381818181818182,0.8553113553113554,0.8703489843489844,0.057983342869102006,32,3.0,,200.0,0.1,0.8
Heart Disease,XGBoost,0.03902215957641601,0.007259343971489289,0.005313348770141601,0.0008652981221570308,,,"{'model__learning_rate': 0.1, 'model__max_depth': 3, 'model__n_estimators': 200, 'model__subsample': 1.0}",0.9143356643356643,0.8391608391608392,0.7818181818181819,0.9345454545454546,0.8534798534798534,0.8646679986679986,0.05475329722254851,45,3.0,,200.0,0.1,1.0
Heart Disease,XGBoost,0.053116226196289064,0.00546260845215041,0.00526885986328125,0.00038441925591582834,,,"{'model__learning_rate': 0.1, 'model__max_depth': 3, 'model__n_estimators': 300, 'model__subsample': 0.8}",0.9335664335664335,0.8304195804195804,0.7890909090909092,0.9418181818181819,0.8534798534798534,0.8696749916749917,0.0593023109345889,33,3.0,,300.0,0.1,0.8
Heart Disease,XGBoost,0.045440673828125,0.003988180066669492,0.006015586853027344,0.001535830592720655,,,"{'model__learning_rate': 0.1, 'model__max_depth': 3, 'model__n_estimators': 300, 'model__subsample': 1.0}",0.902097902097902,0.8391608391608392,0.78,0.9363636363636364,0.8534798534798533,0.8622204462204461,0.05376945108099459,46,3.0,,300.0,0.1,1.0
Heart Disease,XGBoost,0.029210615158081054,0.0009885068035904387,0.005105924606323242,0.00020438468814316206,,,"{'model__learning_rate': 0.1, 'model__max_depth': 5, 'model__n_estimators': 100, 'model__subsample': 0.8}",0.9405594405594406,0.8653846153846154,0.769090909090909,0.9509090909090909,0.8663003663003663,0.8784488844488845,0.0653997417340502,14,5.0,,100.0,0.1,0.8
Heart Disease,XGBoost,0.029715442657470705,0.0014189361471845712,0.0050166606903076175,2.7706085445563723e-05,,,"{'model__learning_rate': 0.1, 'model__max_depth': 5, 'model__n_estimators': 100, 'model__subsample': 1.0}",0.9160839160839161,0.8723776223776224,0.7381818181818182,0.9436363636363636,0.8626373626373627,0.8665834165834166,0.0706025080786219,43,5.0,,100.0,0.1,1.0
Heart Disease,XGBoost,0.038510465621948244,0.0019396586522433341,0.006341409683227539,0.0019126428882203811,,,"{'model__learning_rate': 0.1, 'model__max_depth': 5, 'model__n_estimators': 200, 'model__subsample': 0.8}",0.9300699300699301,0.8426573426573425,0.7781818181818183,0.9563636363636363,0.8534798534798534,0.872150516150516,0.06402353512574936,28,5.0,,200.0,0.1,0.8
Heart Disease,XGBoost,0.04134116172790527,0.0013838473753856515,0.005085611343383789,0.00012252902108370845,,,"{'model__learning_rate': 0.1, 'model__max_depth': 5, 'model__n_estimators': 200, 'model__subsample': 1.0}",0.9020979020979021,0.8706293706293707,0.7581818181818182,0.9472727272727273,0.8553113553113553,0.8666986346986347,0.06271572818725592,42,5.0,,200.0,0.1,1.0
Heart Disease,XGBoost,0.0512937068939209,0.001953755546791011,0.005355548858642578,0.0004164561924008603,,,"{'model__learning_rate': 0.1, 'model__max_depth': 5, 'model__n_estimators': 300, 'model__subsample': 0.8}",0.9318181818181819,0.8444055944055945,0.7854545454545455,0.96,0.8534798534798536,0.875031635031635,0.06304097646915609,22,5.0,,300.0,0.1,0.8
Heart Disease,XGBoost,0.050484418869018555,0.0025333367814260135,0.005149650573730469,0.0005170939504669824,,,"{'model__learning_rate': 0.1, 'model__max_depth': 5, 'model__n_estimators': 300, 'model__subsample': 1.0}",0.9055944055944056,0.8688811188811189,0.7727272727272728,0.9436363636363636,0.8498168498168498,0.8681312021312021,0.057519403072670804,37,5.0,,300.0,0.1,1.0
Heart Disease,XGBoost,0.02825469970703125,0.0010467901384855376,0.005820846557617188,0.0016399867154821733,,,"{'model__learning_rate': 0.1, 'model__max_depth': 7, 'model__n_estimators': 100, 'model__subsample': 0.8}",0.937062937062937,0.8776223776223776,0.7581818181818183,0.9527272727272728,0.8553113553113553,0.8761811521811522,0.06917711858338495,20,7.0,,100.0,0.1,0.8
Heart Disease,XGBoost,0.0299685001373291,0.0015745524847630458,0.0052048683166503905,0.0007876248808060712,,,"{'model__learning_rate': 0.1, 'model__max_depth': 7, 'model__n_estimators': 100, 'model__subsample': 1.0}",0.9440559440559442,0.8723776223776224,0.7581818181818182,0.9309090909090909,0.8589743589743589,0.8728997668997669,0.06600406138768274,27,7.0,,100.0,0.1,1.0
Heart Disease,XGBoost,0.04009146690368652,0.0015730844074461781,0.0055926799774169925,0.0012038397200447386,,,"{'model__learning_rate': 0.1, 'model__max_depth': 7, 'model__n_estimators': 200, 'model__subsample': 0.8}",0.9335664335664335,0.8566433566433566,0.78,0.9545454545454546,0.8553113553113553,0.87601332001332,0.06245315280638148,21,7.0,,200.0,0.1,0.8
Heart Disease,XGBoost,0.043072175979614255,0.0010131068857724894,0.005021238327026367,0.0006235138725943938,,,"{'model__learning_rate': 0.1, 'model__max_depth': 7, 'model__n_estimators': 200, 'model__subsample': 1.0}",0.9318181818181818,0.8671328671328671,0.7727272727272728,0.9436363636363636,0.8571428571428571,0.8744915084915084,0.06128367393465771,25,7.0,,200.0,0.1,1.0
Heart Disease,XGBoost,0.05436773300170898,0.005011537327707946,0.005378818511962891,0.0005087713178892484,,,"{'model__learning_rate': 0.1, 'model__max_depth': 7, 'model__n_estimators': 300, 'model__subsample': 0.8}",0.9265734265734266,0.8479020979020979,0.7818181818181819,0.9545454545454546,0.8461538461538461,0.8713986013986015,0.0619220404015076,31,7.0,,300.0,0.1,0.8
Heart Disease,XGBoost,0.05230007171630859,0.004745099121220648,0.005401897430419922,0.0010261457360511454,,,"{'model__learning_rate': 0.1, 'model__max_depth': 7, 'model__n_estimators': 300, 'model__subsample': 1.0}",0.9265734265734266,0.8636363636363635,0.7818181818181817,0.9436363636363636,0.8589743589743589,0.8749277389277388,0.05734029521164334,23,7.0,,300.0,0.1,1.0
Liver Disease,Logistic Regression,0.00834808349609375,0.00046309632360537934,0.004035186767578125,0.0006419040846704053,0.1,,"{'model__C': 0.1, 'model__class_weight': None}",0.6965174129353233,0.7296211251435133,0.6894374282433984,0.7227833894500562,0.7390572390572391,0.7154833189659061,0.019219741497488514,3,,,,,
Liver Disease,Logistic Regression,0.008523273468017577,0.00041387661771548784,0.004198980331420898,0.00039687344306466526,0.1,balanced,"{'model__C': 0.1, 'model__class_weight': 'balanced'}",0.6965174129353233,0.7296211251435133,0.6894374282433984,0.7227833894500562,0.7390572390572391,0.7154833189659061,0.019219741497488514,3,,,,,
Liver Disease,Logistic Regression,0.009612846374511718,0.001720279305984869,0.003983449935913086,3.3750303655152164e-05,1.0,,"{'model__C': 1.0, 'model__class_weight': None}",0.689331122166943,0.7278989667049369,0.700918484500574,0.7132435465768799,0.7457912457912459,0.715436673148116,0.01986854921144032,5,,,,,
Liver Disease,Logistic Regression,0.009818840026855468,0.0010029817586405495,0.004006242752075196,0.0006308881883840849,1.0,balanced,"{'model__C': 1.0, 'model__class_weight': 'balanced'}",0.689331122166943,0.7278989667049369,0.700918484500574,0.7132435465768799,0.7457912457912459,0.715436673148116,0.01986854921144032,5,,,,,
Liver Disease,Logistic Regression,0.010301971435546875,0.0018857003765523823,0.004704475402832031,0.000601038002008688,10.0,,"{'model__C': 10.0, 'model__class_weight': None}",0.6932006633499171,0.7233065442020666,0.703788748564868,0.7194163860830527,0.7413019079685748,0.7162028500336959,0.01657686641986615,1,,,,,
Liver Disease,Logistic Regression,0.009324312210083008,0.0018751326926674714,0.0042000293731689455,0.0004012280071253555,10.0,balanced,"{'model__C': 10.0, 'model__class_weight': 'balanced'}",0.6932006633499171,0.7233065442020666,0.703788748564868,0.7194163860830527,0.7413019079685748,0.7162028500336959,0.01657686641986615,1,,,,,
Liver Disease,Random Forest,0.11140055656433105,0.005061966244974553,0.0103973388671875,0.0015225335762230154,,,"{'model__max_depth': 3, 'model__min_samples_leaf': 1, 'model__n_estimators': 100}",0.6788280818131565,0.7766934557979335,0.698622273249139,0.7272727272727273,0.7239057239057239,0.7210644524077361,0.03295076304154547,6,3.0,1.0,100.0,,
Liver Disease,Random Forest,0.22143163681030273,0.025232820418575105,0.014843940734863281,0.001387637037808152,,,"{'model__max_depth': 3, 'model__min_samples_leaf': 1, 'model__n_estimators': 200}",0.6744057490326146,0.7721010332950631,0.6991963260619977,0.7171717171717171,0.7267115600448932,0.7179172771212571,0.032426846254465395,10,3.0,1.0,200.0,,
Liver Disease,Random Forest,0.30750112533569335,0.013593835735218478,0.019154739379882813,0.0014674535087624402,,,"{'model__max_depth': 3, 'model__min_samples_leaf': 1, 'model__n_estimators': 300}",0.6710889994472083,0.7715269804822044,0.7020665901262916,0.7098765432098766,0.7261503928170594,0.7161419012165281,0.032969106631686486,15,3.0,1.0,300.0,,
Liver Disease,Random Forest,0.11316637992858887,0.00466801347534439,0.011175775527954101,0.0008079074303357998,,,"{'model__max_depth': 3, 'model__min_samples_leaf': 3, 'model__n_estimators': 100}",0.6755113322277502,0.7824339839265212,0.6991963260619977,0.728956228956229,0.7255892255892257,0.7223374193523447,0.03576079583025388,2,3.0,3.0,100.0,,
Liver Disease,Random Forest,0.2018817901611328,0.01242815739185189,0.01522970199584961,0.000977914229037152,,,"{'model__max_depth': 3, 'model__min_samples_leaf': 3, 'model__n_estimators': 200}",0.6749585406301825,0.7726750861079219,0.6980482204362801,0.717732884399551,0.7261503928170594,0.717913024878199,0.03257750206448897,11,3.0,3.0,200.0,,
Liver Disease,Random Forest,0.2879378318786621,0.0018549834184480066,0.018649482727050783,0.0013088574126210505,,,"{'model__max_depth': 3, 'model__min_samples_leaf': 3, 'model__n_estimators': 300}",0.6727473742399116,0.7721010332950631,0.7020665901262916,0.7087542087542087,0.728956228956229,0.7169250870743408,0.03294948227724692,13,3.0,3.0,300.0,,
Liver Disease,Random Forest,0.10896787643432618,0.0022391633769129433,0.009211111068725585,0.00040808228246466775,,,"{'model__max_depth': 5, 'model__min_samples_leaf': 1, 'model__n_estimators': 100}",0.6887783305693753,0.7680826636050517,0.6802525832376579,0.7300785634118967,0.718855218855219,0.7172094719358402,0.03140237268297997,12,5.0,1.0,100.0,,
Liver Disease,Random Forest,0.2271512985229492,0.00797855290338452,0.015947389602661132,0.001380071881512477,,,"{'model__max_depth': 5, 'model__min_samples_leaf': 1, 'model__n_estimators': 200}",0.6926478717523494,0.7617680826636051,0.6819747416762342,0.7278338945005611,0.7199775533108866,0.7168404287807273,0.02810725128898336,14,5.0,1.0,200.0,,
Liver Disease,Random Forest,0.3414748191833496,0.028225157052904303,0.020624828338623048,0.0014737126650273412,,,"{'model__max_depth': 5, 'model__min_samples_leaf': 1, 'model__n_estimators': 300}",0.6909894969596462,0.7732491389207806,0.6865671641791045,0.7261503928170594,0.7222222222222222,0.7198356830197626,0.031104550138348026,8,5.0,1.0,300.0,,
Liver Disease,Random Forest,0.11548919677734375,0.005407604303250065,0.009903860092163087,0.000795003559865762,,,"{'model__max_depth': 5, 'model__min_samples_leaf': 3, 'model__n_estimators': 100}",0.6727473742399117,0.7755453501722157,0.6791044776119404,0.7216610549943883,0.7239057239057239,0.7145927961848361,0.037046902261316836,17,5.0,3.0,100.0,,
Liver Disease,Random Forest,0.31061606407165526,0.058929956147192625,0.02445383071899414,0.01116899429745422,,,"{'model__max_depth': 5, 'model__min_samples_leaf': 3, 'model__n_estimators': 200}",0.6865671641791046,0.7669345579793341,0.6814006888633755,0.718294051627385,0.7210998877665544,0.7148592700831508,0.030602282779307377,16,5.0,3.0,200.0,,
Liver Disease,Random Forest,0.5592692375183106,0.06462234709208654,0.037959718704223634,0.010692137262167898,,,"{'model__max_depth': 5, 'model__min_samples_leaf': 3, 'model__n_estimators': 300}",0.6815920398009951,0.7709529276693455,0.6831228473019518,0.7109988776655443,0.7199775533108866,0.7133288491497447,0.03252628498504075,18,5.0,3.0,300.0,,
Liver Disease,Random Forest,0.21405401229858398,0.021014532759488214,0.01695389747619629,0.003626702083691343,,,"{'model__max_depth': 7, 'model__min_samples_leaf': 1, 'model__n_estimators': 100}",0.7158651188501935,0.7835820895522387,0.6871412169919633,0.7306397306397306,0.718294051627385,0.7271044415323022,0.031632981697044364,1,7.0,1.0,100.0,,
Liver Disease,Random Forest,0.4034931182861328,0.043169480772662555,0.02493443489074707,0.004181935864297527,,,"{'model__max_depth': 7, 'model__min_samples_leaf': 1, 'model__n_estimators': 200}",0.7059148700939747,0.7743972445464983,0.682548794489093,0.7194163860830528,0.7188552188552189,0.7202265028135676,0.030204100729510443,7,7.0,1.0,200.0,,
Liver Disease,Random Forest,0.5905649662017822,0.045339132034304196,0.03336200714111328,0.005853103908396412,,,"{'model__max_depth': 7, 'model__min_samples_leaf': 1, 'model__n_estimators': 300}",0.7020453289110006,0.7812858783008036,0.6814006888633753,0.7205387205387205,0.7205387205387205,0.7211618674305241,0.03335286096647224,4,7.0,1.0,300.0,,
Liver Disease,Random Forest,0.20308713912963866,0.005044158033937065,0.015753459930419923,0.0034006522381282178,,,"{'model__max_depth': 7, 'model__min_samples_leaf': 3, 'model__n_estimators': 100}",0.6943062465450526,0.7801377726750862,0.6963260619977039,0.7272727272727274,0.7076318742985409,0.7211349365578222,0.031738300836244175,5,7.0,3.0,100.0,,
Liver Disease,Random Forest,0.4476048946380615,0.04057530710346737,0.02686009407043457,0.00454762612837126,,,"{'model__max_depth': 7, 'model__min_samples_leaf': 3, 'model__n_estimators': 200}",0.6898839137645109,0.7841561423650976,0.6969001148105626,0.7244668911335578,0.7138047138047138,0.7218423551756885,0.033460296691909065,3,7.0,3.0,200.0,,
Liver Disease,Random Forest,0.5805247306823731,0.05992033481092744,0.03450832366943359,0.007414524508927882,,,"{'model__max_depth': 7, 'model__min_samples_leaf': 3, 'model__n_estimators': 300}",0.6887783305693753,0.7784156142365097,0.6911595866819747,0.7244668911335579,0.7154882154882155,0.7196617276219266,0.032430489493343914,9,7.0,3.0,300.0,,
Liver Disease,XGBoost,0.05178322792053223,0.010190898815226987,0.009589958190917968,0.0018905719866786413,,,"{'model__learning_rate': 0.01, 'model__max_depth': 3, 'model__n_estimators': 100, 'model__subsample': 0.8}",0.6368159203980099,0.7721010332950631,0.6905855338691159,0.6958473625140291,0.7121212121212119,0.7014942124394861,0.043433682591283246,54,3.0,,100.0,0.01,0.8
Liver Disease,XGBoost,0.061807775497436525,0.01133363081745964,0.009651899337768555,0.0008871813606064064,,,"{'model__learning_rate': 0.01, 'model__max_depth': 3, 'model__n_estimators': 100, 'model__subsample': 1.0}",0.6478717523493643,0.7890355912743973,0.689150401836969,0.7003367003367003,0.6924803591470259,0.7037749609888915,0.046363371771999,53,3.0,,100.0,0.01,1.0
Liver Disease,XGBoost,0.10765066146850585,0.00448337836849264,0.011633872985839844,0.0030560134332635524,,,"{'model__learning_rate': 0.01, 'model__max_depth': 3, 'model__n_estimators': 200, 'model__subsample': 0.8}",0.6627971254836927,0.7669345579793342,0.6831228473019518,0.6964085297418631,0.7115600448933781,0.7041646210800441,0.03523901292660864,52,3.0,,200.0,0.01,0.8
Liver Disease,XGBoost,0.10020675659179687,0.018060040016532043,0.01040182113647461,0.0028069150266290853,,,"{'model__learning_rate': 0.01, 'model__max_depth': 3, 'model__n_estimators': 200, 'model__subsample': 1.0}",0.6594803758982863,0.7815729047072331,0.6796785304247991,0.7095959595959596,0.7121212121212122,0.708489796549498,0.041442885618669656,49,3.0,,200.0,0.01,1.0
Liver Disease,XGBoost,0.1297544479370117,0.027016412418746794,0.00782017707824707,0.0019012172460713653,,,"{'model__learning_rate': 0.01, 'model__max_depth': 3, 'model__n_estimators': 300, 'model__subsample': 0.8}",0.669983416252073,0.7709529276693454,0.6814006888633755,0.7014590347923682,0.7154882154882155,0.7078568566130755,0.03525509960799215,50,3.0,,300.0,0.01,0.8
Liver Disease,XGBoost,0.1213839054107666,0.011668359275498258,0.010188865661621093,0.0027049151125136386,,,"{'model__learning_rate': 0.01, 'model__max_depth': 3, 'model__n_estimators': 300, 'model__subsample': 1.0}",0.6688778330569376,0.7680826636050517,0.6750861079219288,0.7115600448933782,0.7154882154882155,0.7078189729931024,0.03547500004476464,51,3.0,,300.0,0.01,1.0
Liver Disease,XGBoost,0.09481382369995117,0.014071981428801021,0.011184263229370116,0.004163339564177855,,,"{'model__learning_rate': 0.01, 'model__max_depth': 5, 'model__n_estimators': 100, 'model__subsample': 0.8}",0.669983416252073,0.7910447761194029,0.7032146957520092,0.7216610549943883,0.7098765432098766,0.71915609726555,0.039830761791150596,35,5.0,,100.0,0.01,0.8
Liver Disease,XGBoost,0.09574675559997559,0.011587483503101424,0.008234405517578125,0.0014539418154237314,,,"{'model__learning_rate': 0.01, 'model__max_depth': 5, 'model__n_estimators': 100, 'model__subsample': 1.0}",0.6647318960751797,0.7830080367393801,0.6814006888633755,0.7323232323232324,0.6879910213243546,0.7098909750651045,0.042848471782541656,47,5.0,,100.0,0.01,1.0
Liver Disease,XGBoost,0.16573023796081543,0.019087748837786776,0.009995317459106446,0.0030282791573166402,,,"{'model__learning_rate': 0.01, 'model__max_depth': 5, 'model__n_estimators': 200, 'model__subsample': 0.8}",0.6915422885572139,0.7916188289322619,0.7158438576349024,0.7334455667789,0.7171717171717171,0.729924451814999,0.0336234449400113,15,5.0,,200.0,0.01,0.8
Liver Disease,XGBoost,0.15365500450134278,0.020454377135138344,0.007928466796875,0.0010333571665662857,,,"{'model__learning_rate': 0.01, 'model__max_depth': 5, 'model__n_estimators': 200, 'model__subsample': 1.0}",0.7020453289110006,0.804247990815155,0.6877152698048221,0.7463524130190797,0.7025813692480359,0.7285884743596187,0.04264140448942158,20,5.0,,200.0,0.01,1.0
Liver Disease,XGBoost,0.2570645809173584,0.02397414625207265,0.00939955711364746,0.00242410624717501,,,"{'model__learning_rate': 0.01, 'model__max_depth': 5, 'model__n_estimators': 300, 'model__subsample': 0.8}",0.7103372028745164,0.7835820895522388,0.7198622273249139,0.7334455667789002,0.7177328843995511,0.7329919941860241,0.026374359730353344,6,5.0,,300.0,0.01,0.8
Liver Disease,XGBoost,0.22246179580688477,0.022079468315419605,0.009619045257568359,0.0020899257255377122,,,"{'model__learning_rate': 0.01, 'model__max_depth': 5, 'model__n_estimators': 300, 'model__subsample': 1.0}",0.7175234936428966,0.8088404133180253,0.6819747416762342,0.739618406285073,0.7059483726150393,0.7307810855074537,0.04323388362518521,13,5.0,,300.0,0.01,1.0
Liver Disease,XGBoost,0.13779244422912598,0.0202523862488682,0.008447027206420899,0.0013269756702152457,,,"{'model__learning_rate': 0.01, 'model__max_depth': 7, 'model__n_estimators': 100, 'model__subsample': 0.8}",0.689331122166943,0.8059701492537313,0.6940298507462687,0.7166105499438833,0.6992143658810326,0.7210312075983717,0.04346057821604469,29,7.0,,100.0,0.01,0.8
Liver Disease,XGBoost,0.14960994720458984,0.01970646735917137,0.009024620056152344,0.0021828234074536103,,,"{'model__learning_rate': 0.01, 'model__max_depth': 7, 'model__n_estimators': 100, 'model__subsample': 1.0}",0.693200663349917,0.7743972445464983,0.6882893226176808,0.7345679012345679,0.6823793490460157,0.714566896158936,0.035107764830658944,43,7.0,,100.0,0.01,1.0
Liver Disease,XGBoost,0.250765323638916,0.022238160098663994,0.009597587585449218,0.0020498165387837683,,,"{'model__learning_rate': 0.01, 'model__max_depth': 7, 'model__n_estimators': 200, 'model__subsample': 0.8}",0.7053620784964069,0.7979334098737084,0.7106773823191733,0.7255892255892256,0.7059483726150393,0.7291020937787108,0.035183073884987544,18,7.0,,200.0,0.01,0.8
Liver Disease,XGBoost,0.2500319004058838,0.024267477861452804,0.008165550231933594,0.002996172107198978,,,"{'model__learning_rate': 0.01, 'model__max_depth': 7, 'model__n_estimators': 200, 'model__subsample': 1.0}",0.7081260364842454,0.8191733639494834,0.700918484500574,0.7514029180695848,0.6885521885521886,0.7336345983112152,0.047720117587839575,4,7.0,,200.0,0.01,1.0
Liver Disease,XGBoost,0.3856630802154541,0.03687324650212816,0.009212112426757813,0.001623137027955329,,,"{'model__learning_rate': 0.01, 'model__max_depth': 7, 'model__n_estimators': 300, 'model__subsample': 0.8}",0.7296849087893864,0.78300803673938,0.7181400688863376,0.7222222222222223,0.7115600448933783,0.7329230563061409,0.02572319454541231,7,7.0,,300.0,0.01,0.8
Liver Disease,XGBoost,0.3826209545135498,0.03581404042279611,0.009364843368530273,0.0026052287961468887,,,"{'model__learning_rate': 0.01, 'model__max_depth': 7, 'model__n_estimators': 300, 'model__subsample': 1.0}",0.7153123272526257,0.8168771526980483,0.6963260619977037,0.7491582491582491,0.6936026936026937,0.7342552969418642,0.04582262793797015,3,7.0,,300.0,0.01,1.0
Liver Disease,XGBoost,0.05210866928100586,0.009808688450781379,0.007764768600463867,0.0015882501299243716,,,"{'model__learning_rate': 0.05, 'model__max_depth': 3, 'model__n_estimators': 100, 'model__subsample': 0.8}",0.6821448313985627,0.7795637198622273,0.6733639494833524,0.7042648709315377,0.7048260381593715,0.7088326819670103,0.037443477845821874,48,3.0,,100.0,0.05,0.8
Liver Disease,XGBoost,0.04653620719909668,0.010015653779300197,0.007966423034667968,0.0022920013071448843,,,"{'model__learning_rate': 0.05, 'model__max_depth': 3, 'model__n_estimators': 100, 'model__subsample': 1.0}",0.6810392482034273,0.7692307692307692,0.6768082663605052,0.7104377104377104,0.7210998877665544,0.7117231763997932,0.033338424571715604,45,3.0,,100.0,0.05,1.0
Liver Disease,XGBoost,0.09372940063476562,0.016925780473162823,0.009017515182495116,0.00243219679331765,,,"{'model__learning_rate': 0.05, 'model__max_depth': 3, 'model__n_estimators': 200, 'model__subsample': 0.8}",0.70702045328911,0.7623421354764639,0.7089552238805971,0.7025813692480359,0.7053872053872053,0.7172572774562825,0.02263908999039068,40,3.0,,200.0,0.05,0.8
Liver Disease,XGBoost,0.08125772476196289,0.017217436919708763,0.010745763778686523,0.0023983599994876078,,,"{'model__learning_rate': 0.05, 'model__max_depth': 3, 'model__n_estimators': 200, 'model__subsample': 1.0}",0.7020453289110006,0.7830080367393801,0.7055109070034443,0.7104377104377104,0.7042648709315377,0.7210533708046146,0.031099197551519672,28,3.0,,200.0,0.05,1.0
Liver Disease,XGBoost,0.10279083251953125,0.01182385306553357,0.007473182678222656,0.0014942107545614968,,,"{'model__learning_rate': 0.05, 'model__max_depth': 3, 'model__n_estimators': 300, 'model__subsample': 0.8}",0.7208402432283029,0.7577497129735936,0.7181400688863375,0.7014590347923682,0.6952861952861953,0.7186950510333595,0.021795555772927612,38,3.0,,300.0,0.05,0.8
Liver Disease,XGBoost,0.11124391555786133,0.023777346218744767,0.009307336807250977,0.0018706974508723012,,,"{'model__learning_rate': 0.05, 'model__max_depth': 3, 'model__n_estimators': 300, 'model__subsample': 1.0}",0.7042564953012715,0.7853042479908152,0.7123995407577497,0.7121212121212122,0.7076318742985411,0.724342674093918,0.030630120688348514,26,3.0,,300.0,0.05,1.0
Liver Disease,XGBoost,0.09496965408325195,0.012755121341893222,0.010794973373413086,0.002299529654978315,,,"{'model__learning_rate': 0.05, 'model__max_depth': 5, 'model__n_estimators': 100, 'model__subsample': 0.8}",0.7296849087893864,0.777841561423651,0.6934557979334098,0.7138047138047138,0.7171717171717171,0.7263917398245756,0.02823525248482694,23,5.0,,100.0,0.05,0.8
Liver Disease,XGBoost,0.11075820922851562,0.021911586842117494,0.012148427963256835,0.003259240617343123,,,"{'model__learning_rate': 0.05, 'model__max_depth': 5, 'model__n_estimators': 100, 'model__subsample': 1.0}",0.7258153676064123,0.7904707233065442,0.6768082663605052,0.712682379349046,0.7025813692480358,0.7216716211741087,0.03796959805172078,27,5.0,,100.0,0.05,1.0
Liver Disease,XGBoost,0.19177823066711425,0.028724999071849333,0.010175514221191406,0.0015705028855832496,,,"{'model__learning_rate': 0.05, 'model__max_depth': 5, 'model__n_estimators': 200, 'model__subsample': 0.8}",0.7412935323383085,0.7560275545350172,0.7181400688863375,0.7177328843995512,0.7255892255892257,0.7317566531496881,0.01483336332991617,9,5.0,,200.0,0.05,0.8
Liver Disease,XGBoost,0.17349600791931152,0.03391246211250549,0.008633232116699219,0.0019188830098948008,,,"{'model__learning_rate': 0.05, 'model__max_depth': 5, 'model__n_estimators': 200, 'model__subsample': 1.0}",0.7318960751796573,0.7761194029850745,0.7164179104477613,0.7188552188552189,0.7166105499438833,0.731979831482319,0.02279891420866376,8,5.0,,200.0,0.05,1.0
Liver Disease,XGBoost,0.1927098274230957,0.00810758166656539,0.00978713035583496,0.0023149556212682396,,,"{'model__learning_rate': 0.05, 'model__max_depth': 5, 'model__n_estimators': 300, 'model__subsample': 0.8}",0.7390823659480377,0.7543053960964408,0.7342135476463835,0.712682379349046,0.7177328843995511,0.7316033146878917,0.015023479321451299,11,5.0,,300.0,0.05,0.8
Liver Disease,XGBoost,0.19639220237731933,0.01652126747356841,0.009229469299316406,0.0015234339870591382,,,"{'model__learning_rate': 0.05, 'model__max_depth': 5, 'model__n_estimators': 300, 'model__subsample': 1.0}",0.7236042012161417,0.7749712973593571,0.7123995407577497,0.7166105499438832,0.7053872053872053,0.7265945589328674,0.02490052963675163,21,5.0,,300.0,0.05,1.0
Liver Disease,XGBoost,0.15317034721374512,0.036428977536618286,0.00901947021484375,0.0017791107847733515,,,"{'model__learning_rate': 0.05, 'model__max_depth': 7, 'model__n_estimators': 100, 'model__subsample': 0.8}",0.7219458264234384,0.7663605051664752,0.735361653272101,0.7143658810325477,0.7132435465768799,0.7302554824942885,0.019700667117933297,14,7.0,,100.0,0.05,0.8
Liver Disease,XGBoost,0.11560473442077637,0.02973964544669639,0.008940458297729492,0.0019044596906878206,,,"{'model__learning_rate': 0.05, 'model__max_depth': 7, 'model__n_estimators': 100, 'model__subsample': 1.0}",0.7059148700939746,0.7898966704936854,0.7284730195177958,0.7334455667789002,0.6879910213243547,0.7291442296417422,0.03447608096486777,17,7.0,,100.0,0.05,1.0
Liver Disease,XGBoost,0.24225640296936035,0.01671391788498367,0.010987043380737305,0.0023292230476085825,,,"{'model__learning_rate': 0.05, 'model__max_depth': 7, 'model__n_estimators': 200, 'model__subsample': 0.8}",0.7274737423991156,0.7669345579793341,0.7342135476463835,0.7059483726150393,0.7222222222222222,0.7313584885724189,0.020090020833148394,12,7.0,,200.0,0.05,0.8
Liver Disease,XGBoost,0.27796425819396975,0.021541127765697908,0.015203332901000977,0.002401710417972614,,,"{'model__learning_rate': 0.05, 'model__max_depth': 7, 'model__n_estimators': 200, 'model__subsample': 1.0}",0.70702045328911,0.7870264064293915,0.7296211251435133,0.7182940516273849,0.6907968574635241,0.7265517787905849,0.03284715697876229,22,7.0,,200.0,0.05,1.0
Liver Disease,XGBoost,0.3788910388946533,0.0543331144991069,0.013307809829711914,0.004208931308877553,,,"{'model__learning_rate': 0.05, 'model__max_depth': 7, 'model__n_estimators': 300, 'model__subsample': 0.8}",0.7252625760088447,0.7611940298507464,0.7456946039035592,0.7149270482603816,0.7115600448933782,0.731727660583382,0.018942719124313064,10,7.0,,300.0,0.05,0.8
Liver Disease,XGBoost,0.340974760055542,0.054086269103961165,0.013167238235473633,0.0038969158536793862,,,"{'model__learning_rate': 0.05, 'model__max_depth': 7, 'model__n_estimators': 300, 'model__subsample': 1.0}",0.7037037037037037,0.7766934557979334,0.730195177956372,0.7210998877665545,0.6936026936026936,0.7250589837654514,0.02882262934323579,25,7.0,,300.0,0.05,1.0
Liver Disease,XGBoost,0.04697074890136719,0.010705517519880163,0.007412147521972656,0.002315318700292233,,,"{'model__learning_rate': 0.1, 'model__max_depth': 3, 'model__n_estimators': 100, 'model__subsample': 0.8}",0.6860143725815367,0.7766934557979334,0.6997703788748565,0.6784511784511784,0.7104377104377105,0.7102734192286431,0.03499462375413092,46,3.0,,100.0,0.1,0.8
Liver Disease,XGBoost,0.04746990203857422,0.014324644851803634,0.007216596603393554,0.001158975697297135,,,"{'model__learning_rate': 0.1, 'model__max_depth': 3, 'model__n_estimators': 100, 'model__subsample': 1.0}",0.6705362078496406,0.8025258323765786,0.6917336394948336,0.7132435465768798,0.7059483726150392,0.7167975197825943,0.045272475913869195,41,3.0,,100.0,0.1,1.0
Liver Disease,XGBoost,0.08358473777770996,0.015268619908306502,0.009561872482299805,0.0027131906359929014,,,"{'model__learning_rate': 0.1, 'model__max_depth': 3, 'model__n_estimators': 200, 'model__subsample': 0.8}",0.6943062465450526,0.756601607347876,0.7324913892078072,0.6891133557800224,0.6958473625140293,0.7136719922789574,0.02643103369717104,44,3.0,,200.0,0.1,0.8
Liver Disease,XGBoost,0.08164606094360352,0.017659458976146975,0.010187292098999023,0.0031625643540419074,,,"{'model__learning_rate': 0.1, 'model__max_depth': 3, 'model__n_estimators': 200, 'model__subsample': 1.0}",0.6793808734107242,0.7956371986222732,0.7106773823191733,0.7065095398428731,0.7003367003367004,0.7185083389063488,0.0400382893379122,39,3.0,,200.0,0.1,1.0
Liver Disease,XGBoost,0.12585935592651368,0.0029548358275629893,0.008542156219482422,0.0026062857616374387,,,"{'model__learning_rate': 0.1, 'model__max_depth': 3, 'model__n_estimators': 300, 'model__subsample': 0.8}",0.6976229961304589,0.7479908151549942,0.7422502870264064,0.6941638608305275,0.6952861952861953,0.7154628308857165,0.024309010760351257,42,3.0,,300.0,0.1,0.8
Liver Disease,XGBoost,0.1079106330871582,0.015637484044843594,0.00889592170715332,0.0028040907242920634,,,"{'model__learning_rate': 0.1, 'model__max_depth': 3, 'model__n_estimators': 300, 'model__subsample': 1.0}",0.677722498618021,0.7835820895522387,0.7198622273249138,0.7065095398428731,0.7059483726150393,0.7187249455906173,0.03521760964325805,37,3.0,,300.0,0.1,1.0
Liver Disease,XGBoost,0.10286536216735839,0.009100364553598101,0.010347414016723632,0.0023785144367261327,,,"{'model__learning_rate': 0.1, 'model__max_depth': 5, 'model__n_estimators': 100, 'model__subsample': 0.8}",0.7014925373134329,0.7571756601607348,0.7129735935706084,0.7126823793490461,0.7115600448933782,0.7191768430574401,0.01946955956473977,34,5.0,,100.0,0.1,0.8
Liver Disease,XGBoost,0.070945405960083,0.01325734224572278,0.006613397598266601,0.0006097821209343486,,,"{'model__learning_rate': 0.1, 'model__max_depth': 5, 'model__n_estimators': 100, 'model__subsample': 1.0}",0.70702045328911,0.7853042479908152,0.6911595866819747,0.7289562289562289,0.6907968574635241,0.7206474748763305,0.03520177362396763,30,5.0,,100.0,0.1,1.0
Liver Disease,XGBoost,0.15029425621032716,0.01683286994954811,0.010798788070678711,0.0032342793687218326,,,"{'model__learning_rate': 0.1, 'model__max_depth': 5, 'model__n_estimators': 200, 'model__subsample': 0.8}",0.7125483692647873,0.7514351320321471,0.7210103329506314,0.7031425364758699,0.707631874298541,0.7191536490043953,0.017194639623785545,36,5.0,,200.0,0.1,0.8
Liver Disease,XGBoost,0.14607830047607423,0.016519617697956897,0.012658977508544922,0.003990769485926354,,,"{'model__learning_rate': 0.1, 'model__max_depth': 5, 'model__n_estimators': 200, 'model__subsample': 1.0}",0.7081260364842454,0.7847301951779564,0.6946039035591274,0.7244668911335578,0.6907968574635241,0.7205447767636821,0.03419720349261748,32,5.0,,200.0,0.1,1.0
Liver Disease,XGBoost,0.24422903060913087,0.047114170486962204,0.012897872924804687,0.0020757142769665844,,,"{'model__learning_rate': 0.1, 'model__max_depth': 5, 'model__n_estimators': 300, 'model__subsample': 0.8}",0.7020453289110005,0.7566016073478761,0.7290470723306544,0.7081930415263749,0.7070707070707071,0.7205915514373226,0.020242127411182472,31,5.0,,300.0,0.1,0.8
Liver Disease,XGBoost,0.23786087036132814,0.05035326329850715,0.012072277069091798,0.004939769659150464,,,"{'model__learning_rate': 0.1, 'model__max_depth': 5, 'model__n_estimators': 300, 'model__subsample': 1.0}",0.7147595356550581,0.7853042479908152,0.6928817451205511,0.718855218855219,0.6907968574635241,0.7205195210170334,0.03429370661606216,33,5.0,,300.0,0.1,1.0
Liver Disease,XGBoost,0.132241153717041,0.0286970311116599,0.013388824462890626,0.0069549299396832855,,,"{'model__learning_rate': 0.1, 'model__max_depth': 7, 'model__n_estimators': 100, 'model__subsample': 0.8}",0.7407407407407408,0.7606199770378875,0.746268656716418,0.7126823793490461,0.7272727272727273,0.7375168962233639,0.016385573253276036,1,7.0,,100.0,0.1,0.8
Liver Disease,XGBoost,0.13054203987121582,0.017348895434707634,0.012206363677978515,0.0024697807256575783,,,"{'model__learning_rate': 0.1, 'model__max_depth': 7, 'model__n_estimators': 100, 'model__subsample': 1.0}",0.6943062465450526,0.7887485648679678,0.7313432835820896,0.72334455667789,0.7065095398428732,0.7288504383031746,0.03260899110449033,19,7.0,,100.0,0.1,1.0
Liver Disease,XGBoost,0.17586321830749513,0.03576944339264356,0.012357568740844727,0.004489107935379776,,,"{'model__learning_rate': 0.1, 'model__max_depth': 7, 'model__n_estimators': 200, 'model__subsample': 0.8}",0.744057490326147,0.7657864523536165,0.7422502870264065,0.7070707070707071,0.712682379349046,0.7343694632251847,0.021718858871603696,2,7.0,,200.0,0.1,0.8
Liver Disease,XGBoost,0.20698418617248535,0.02596114995465372,0.010302400588989258,0.0040224572975921784,,,"{'model__learning_rate': 0.1, 'model__max_depth': 7, 'model__n_estimators': 200, 'model__subsample': 1.0}",0.7202874516307353,0.7755453501722158,0.7393800229621125,0.7160493827160495,0.6980920314253648,0.7298708477812956,0.026341420343595785,16,7.0,,200.0,0.1,1.0
Liver Disease,XGBoost,0.2971207618713379,0.03671252082463708,0.010317611694335937,0.0012537601316057526,,,"{'model__learning_rate': 0.1, 'model__max_depth': 7, 'model__n_estimators': 300, 'model__subsample': 0.8}",0.7457158651188502,0.753731343283582,0.7468427095292767,0.7070707070707071,0.712682379349046,0.7332086008702924,0.019328832330423693,5,7.0,,300.0,0.1,0.8
Liver Disease,XGBoost,0.2215303897857666,0.018611056586543207,0.009621477127075196,0.00104858510525744,,,"{'model__learning_rate': 0.1, 'model__max_depth': 7, 'model__n_estimators': 300, 'model__subsample': 1.0}",0.7186290768380321,0.7634902411021814,0.7336394948335246,0.7182940516273849,0.6930415263748597,0.7254188781551966,0.023074508352286586,24,7.0,,300.0,0.1,1.0
Chronic Kidney Disease,Logistic Regression,0.13602766990661622,0.2129162902305903,0.01032257080078125,0.0018691876104371798,0.1,,"{'model__C': 0.1, 'model__class_weight': None}",1.0,1.0,0.996875,1.0,1.0,0.999375,0.0012500000000000178,5,,,,,
Chronic Kidney Disease,Logistic Regression,0.02521657943725586,0.0037086160785781658,0.008799505233764649,0.0024815366010944883,0.1,balanced,"{'model__C': 0.1, 'model__class_weight': 'balanced'}",1.0,1.0,0.996875,1.0,1.0,0.999375,0.0012500000000000178,5,,,,,
Chronic Kidney Disease,Logistic Regression,0.03128561973571777,0.005721659922694982,0.011251211166381836,0.002506759177011326,1.0,,"{'model__C': 1.0, 'model__class_weight': None}",1.0,1.0,0.9979166666666667,1.0,1.0,0.9995833333333334,0.0008333333333333304,3,,,,,
Chronic Kidney Disease,Logistic Regression,0.02530989646911621,0.003716645254949255,0.011007261276245118,0.004050442131813996,1.0,balanced,"{'model__C': 1.0, 'model__class_weight': 'balanced'}",1.0,1.0,0.9979166666666667,1.0,1.0,0.9995833333333334,0.0008333333333333304,3,,,,,
Chronic Kidney Disease,Logistic Regression,0.02933197021484375,0.004240914396231488,0.01012558937072754,0.002358415014867874,10.0,,"{'model__C': 10.0, 'model__class_weight': None}",1.0,1.0,1.0,1.0,1.0,1.0,0.0,1,,,,,
Chronic Kidney Disease,Logistic Regression,0.02693653106689453,0.0056175393666512904,0.01050705909729004,0.00374234266698134,10.0,balanced,"{'model__C': 10.0, 'model__class_weight': 'balanced'}",1.0,1.0,1.0,1.0,1.0,1.0,0.0,1,,,,,
Chronic Kidney Disease,Random Forest,0.19161605834960938,0.015713146584086634,0.020025634765625,0.00645555718113412,,,"{'model__max_depth': 3, 'model__min_samples_leaf': 1, 'model__n_estimators': 100}",1.0,0.9979166666666667,0.996875,1.0,1.0,0.9989583333333334,0.0013176156917368376,9,3.0,1.0,100.0,,
Chronic Kidney Disease,Random Forest,0.3031152725219727,0.022780008892461033,0.023551273345947265,0.004969244597037343,,,"{'model__max_depth': 3, 'model__min_samples_leaf': 1, 'model__n_estimators': 200}",1.0,0.9979166666666667,0.9979166666666667,1.0,1.0,0.9991666666666668,0.0010206207261596538,5,3.0,1.0,200.0,,
Chronic Kidney Disease,Random Forest,0.44559464454650877,0.03757722349379763,0.040207624435424805,0.0089060206126839,,,"{'model__max_depth': 3, 'model__min_samples_leaf': 1, 'model__n_estimators': 300}",1.0,0.9979166666666667,0.9979166666666667,1.0,1.0,0.9991666666666668,0.0010206207261596538,5,3.0,1.0,300.0,,
Chronic Kidney Disease,Random Forest,0.1833395004272461,0.012826213982650393,0.018387365341186523,0.005510239796806342,,,"{'model__max_depth': 3, 'model__min_samples_leaf': 3, 'model__n_estimators': 100}",1.0,0.9968750000000001,0.996875,1.0,1.0,0.99875,0.001530931089239481,12,3.0,3.0,100.0,,
Chronic Kidney Disease,Random Forest,0.27816452980041506,0.027881521961139466,0.024014711380004883,0.007911550371080859,,,"{'model__max_depth': 3, 'model__min_samples_leaf': 3, 'model__n_estimators': 200}",1.0,0.9968750000000001,0.996875,1.0,1.0,0.99875,0.001530931089239481,12,3.0,3.0,200.0,,
Chronic Kidney Disease,Random Forest,0.4524834156036377,0.03155888393422271,0.030663347244262694,0.007560742231589091,,,"{'model__max_depth': 3, 'model__min_samples_leaf': 3, 'model__n_estimators': 300}",1.0,0.9968750000000001,0.996875,1.0,1.0,0.99875,0.001530931089239481,12,3.0,3.0,300.0,,
Chronic Kidney Disease,Random Forest,0.1760965347290039,0.023509214074918575,0.020050239562988282,0.004683846527659389,,,"{'model__max_depth': 5, 'model__min_samples_leaf': 1, 'model__n_estimators': 100}",1.0,0.9989583333333334,0.9979166666666667,1.0,1.0,0.999375,0.0008333333333333248,1,5.0,1.0,100.0,,
Chronic Kidney Disease,Random Forest,0.3173393726348877,0.05823355725618597,0.02656583786010742,0.004964087967688994,,,"{'model__max_depth': 5, 'model__min_samples_leaf': 1, 'model__n_estimators': 200}",1.0,0.9979166666666667,0.9979166666666667,1.0,1.0,0.9991666666666668,0.0010206207261596538,5,5.0,1.0,200.0,,
Chronic Kidney Disease,Random Forest,0.5230818271636963,0.0885799428226776,0.03391733169555664,0.009420732329977833,,,"{'model__max_depth': 5, 'model__min_samples_leaf': 1, 'model__n_estimators': 300}",1.0,0.9989583333333334,0.9979166666666667,1.0,1.0,0.999375,0.0008333333333333248,1,5.0,1.0,300.0,,
Chronic Kidney Disease,Random Forest,0.156754732131958,0.02095957277758118,0.014622926712036133,0.004342706462389307,,,"{'model__max_depth': 5, 'model__min_samples_leaf': 3, 'model__n_estimators': 100}",1.0,0.9968750000000001,0.996875,1.0,1.0,0.99875,0.001530931089239481,12,5.0,3.0,100.0,,
Chronic Kidney Disease,Random Forest,0.3172478199005127,0.010665373665657974,0.022968578338623046,0.0024182798777131385,,,"{'model__max_depth': 5, 'model__min_samples_leaf': 3, 'model__n_estimators': 200}",1.0,0.9968750000000001,0.996875,1.0,1.0,0.99875,0.001530931089239481,12,5.0,3.0,200.0,,
Chronic Kidney Disease,Random Forest,0.485320520401001,0.05229448651810233,0.027528047561645508,0.0039632940218666795,,,"{'model__max_depth': 5, 'model__min_samples_leaf': 3, 'model__n_estimators': 300}",1.0,0.9968750000000001,0.9979166666666667,1.0,1.0,0.9989583333333334,0.0013176156917368024,9,5.0,3.0,300.0,,
Chronic Kidney Disease,Random Forest,0.18690171241760253,0.010424692431990203,0.018536758422851563,0.005272302283150071,,,"{'model__max_depth': 7, 'model__min_samples_leaf': 1, 'model__n_estimators': 100}",1.0,0.9979166666666667,0.9989583333333334,1.0,1.0,0.999375,0.0008333333333333248,1,7.0,1.0,100.0,,
Chronic Kidney Disease,Random Forest,0.3245408058166504,0.010430286245296292,0.024106931686401368,0.005563286519017892,,,"{'model__max_depth': 7, 'model__min_samples_leaf': 1, 'model__n_estimators': 200}",1.0,0.9979166666666667,0.9979166666666666,1.0,1.0,0.9991666666666668,0.001020620726159681,5,7.0,1.0,200.0,,
Chronic Kidney Disease,Random Forest,0.49362821578979493,0.023642089610360895,0.028881406784057616,0.0038689161061906635,,,"{'model__max_depth': 7, 'model__min_samples_leaf': 1, 'model__n_estimators': 300}",1.0,0.9989583333333334,0.9979166666666667,1.0,1.0,0.999375,0.0008333333333333248,1,7.0,1.0,300.0,,
Chronic Kidney Disease,Random Forest,0.16670751571655273,0.01939949342464979,0.01600508689880371,0.002160567187998327,,,"{'model__max_depth': 7, 'model__min_samples_leaf': 3, 'model__n_estimators': 100}",1.0,0.9968750000000001,0.996875,1.0,1.0,0.99875,0.001530931089239481,12,7.0,3.0,100.0,,
Chronic Kidney Disease,Random Forest,0.322147274017334,0.049730628993562544,0.025432777404785157,0.008062942533158,,,"{'model__max_depth': 7, 'model__min_samples_leaf': 3, 'model__n_estimators': 200}",1.0,0.9968750000000001,0.996875,1.0,1.0,0.99875,0.001530931089239481,12,7.0,3.0,200.0,,
Chronic Kidney Disease,Random Forest,0.5133446216583252,0.07666702950935175,0.032550716400146486,0.009010450023142044,,,"{'model__max_depth': 7, 'model__min_samples_leaf': 3, 'model__n_estimators': 300}",1.0,0.9968750000000001,0.9979166666666667,1.0,1.0,0.9989583333333334,0.0013176156917368024,9,7.0,3.0,300.0,,
Chronic Kidney Disease,XGBoost,0.06074957847595215,0.01500470305063113,0.01178741455078125,0.003958313510950709,,,"{'model__learning_rate': 0.01, 'model__max_depth': 3, 'model__n_estimators': 100, 'model__subsample': 0.8}",0.9927083333333334,0.9864583333333334,0.9708333333333332,1.0,1.0,0.99,0.010837339003033332,46,3.0,,100.0,0.01,0.8
Chronic Kidney Disease,XGBoost,0.04966115951538086,0.00954494517005261,0.007512664794921875,0.0007091710454680219,,,"{'model__learning_rate': 0.01, 'model__max_depth': 3, 'model__n_estimators': 100, 'model__subsample': 1.0}",0.9687500000000001,0.9864583333333333,0.9354166666666667,1.0,1.0,0.978125,0.024241980346314747,52,3.0,,100.0,0.01,1.0
Chronic Kidney Disease,XGBoost,0.08232731819152832,0.011703680201985225,0.010999917984008789,0.0029771812347500603,,,"{'model__learning_rate': 0.01, 'model__max_depth': 3, 'model__n_estimators': 200, 'model__subsample': 0.8}",0.996875,0.9916666666666667,0.9874999999999999,1.0,1.0,0.9952083333333335,0.004912427551063179,43,3.0,,200.0,0.01,0.8
Chronic Kidney Disease,XGBoost,0.07074317932128907,0.008199888909923417,0.008869361877441407,0.0014965795902409063,,,"{'model__learning_rate': 0.01, 'model__max_depth': 3, 'model__n_estimators': 200, 'model__subsample': 1.0}",0.9895833333333334,0.9916666666666667,0.96875,1.0,1.0,0.99,0.011441275181454985,46,3.0,,200.0,0.01,1.0
Chronic Kidney Disease,XGBoost,0.09130454063415527,0.012753572413246537,0.009796047210693359,0.0027162338129360667,,,"{'model__learning_rate': 0.01, 'model__max_depth': 3, 'model__n_estimators': 300, 'model__subsample': 0.8}",0.9979166666666667,0.9958333333333333,0.9927083333333333,1.0,1.0,0.9972916666666667,0.002763853991962842,40,3.0,,300.0,0.01,0.8
Chronic Kidney Disease,XGBoost,0.1025538444519043,0.017896539429872564,0.008683443069458008,0.001375542192954377,,,"{'model__learning_rate': 0.01, 'model__max_depth': 3, 'model__n_estimators': 300, 'model__subsample': 1.0}",0.9979166666666667,0.9979166666666667,0.9947916666666666,1.0,1.0,0.9981249999999999,0.0019094065395649459,25,3.0,,300.0,0.01,1.0
Chronic Kidney Disease,XGBoost,0.05126047134399414,0.008683058331862982,0.007400989532470703,0.0008432714352002382,,,"{'model__learning_rate': 0.01, 'model__max_depth': 5, 'model__n_estimators': 100, 'model__subsample': 0.8}",0.9927083333333334,0.9864583333333332,0.9708333333333333,1.0,1.0,0.9899999999999999,0.01083733900303331,48,5.0,,100.0,0.01,0.8
Chronic Kidney Disease,XGBoost,0.06921114921569824,0.018785367967417074,0.008777761459350586,0.0024845837246113213,,,"{'model__learning_rate': 0.01, 'model__max_depth': 5, 'model__n_estimators': 100, 'model__subsample': 1.0}",0.9505208333333334,0.98125,0.9354166666666667,1.0,1.0,0.9734375,0.026240904508885433,53,5.0,,100.0,0.01,1.0
Chronic Kidney Disease,XGBoost,0.09919857978820801,0.019199821557296895,0.008873176574707032,0.002630235119259813,,,"{'model__learning_rate': 0.01, 'model__max_depth': 5, 'model__n_estimators': 200, 'model__subsample': 0.8}",0.9968750000000001,0.990625,0.9874999999999999,1.0,1.0,0.9949999999999999,0.005077524002897503,44,5.0,,200.0,0.01,0.8
Chronic Kidney Disease,XGBoost,0.0958336353302002,0.012391042718984254,0.012777996063232423,0.0048060689192640895,,,"{'model__learning_rate': 0.01, 'model__max_depth': 5, 'model__n_estimators': 200, 'model__subsample': 1.0}",0.9864583333333334,0.9874999999999999,0.96875,1.0,1.0,0.9885416666666668,0.011486707293408515,50,5.0,,200.0,0.01,1.0
Chronic Kidney Disease,XGBoost,0.12012848854064942,0.03865809985298362,0.008994102478027344,0.0026101194800281875,,,"{'model__learning_rate': 0.01, 'model__max_depth': 5, 'model__n_estimators': 300, 'model__subsample': 0.8}",0.9979166666666667,0.9958333333333333,0.9927083333333333,1.0,1.0,0.9972916666666667,0.002763853991962842,40,5.0,,300.0,0.01,0.8
Chronic Kidney Disease,XGBoost,0.1221858024597168,0.025758870883715305,0.01052079200744629,0.0032815925453471132,,,"{'model__learning_rate': 0.01, 'model__max_depth': 5, 'model__n_estimators': 300, 'model__subsample': 1.0}",0.996875,0.9958333333333333,0.9947916666666666,1.0,1.0,0.9974999999999999,0.002144922946038968,38,5.0,,300.0,0.01,1.0
Chronic Kidney Disease,XGBoost,0.05298938751220703,0.006219828294311753,0.00994729995727539,0.0021489693537656883,,,"{'model__learning_rate': 0.01, 'model__max_depth': 7, 'model__n_estimators': 100, 'model__subsample': 0.8}",0.9927083333333334,0.9864583333333332,0.9708333333333333,1.0,1.0,0.9899999999999999,0.01083733900303331,48,7.0,,100.0,0.01,0.8
Chronic Kidney Disease,XGBoost,0.06339106559753419,0.010608147438298094,0.008596849441528321,0.0018468217664838003,,,"{'model__learning_rate': 0.01, 'model__max_depth': 7, 'model__n_estimators': 100, 'model__subsample': 1.0}",0.9505208333333334,0.98125,0.9354166666666667,1.0,1.0,0.9734375,0.026240904508885433,53,7.0,,100.0,0.01,1.0
Chronic Kidney Disease,XGBoost,0.09843888282775878,0.013130756703847815,0.010774183273315429,0.0026022582751586646,,,"{'model__learning_rate': 0.01, 'model__max_depth': 7, 'model__n_estimators': 200, 'model__subsample': 0.8}",0.9968750000000001,0.990625,0.9874999999999999,1.0,1.0,0.9949999999999999,0.005077524002897503,44,7.0,,200.0,0.01,0.8
Chronic Kidney Disease,XGBoost,0.10301785469055176,0.021035277004735207,0.011943483352661132,0.002051671745855653,,,"{'model__learning_rate': 0.01, 'model__max_depth': 7, 'model__n_estimators': 200, 'model__subsample': 1.0}",0.9864583333333334,0.9874999999999999,0.96875,1.0,1.0,0.9885416666666668,0.011486707293408515,50,7.0,,200.0,0.01,1.0
Chronic Kidney Disease,XGBoost,0.12011747360229492,0.016088787484320934,0.008796882629394532,0.0013346292950996317,,,"{'model__learning_rate': 0.01, 'model__max_depth': 7, 'model__n_estimators': 300, 'model__subsample': 0.8}",0.9979166666666667,0.9958333333333333,0.9927083333333333,1.0,1.0,0.9972916666666667,0.002763853991962842,40,7.0,,300.0,0.01,0.8
Chronic Kidney Disease,XGBoost,0.1247063159942627,0.015231009041051282,0.010439348220825196,0.002848003955548677,,,"{'model__learning_rate': 0.01, 'model__max_depth': 7, 'model__n_estimators': 300, 'model__subsample': 1.0}",0.996875,0.9958333333333333,0.9947916666666666,1.0,1.0,0.9974999999999999,0.002144922946038968,38,7.0,,300.0,0.01,1.0
Chronic Kidney Disease,XGBoost,0.0620391845703125,0.007985367856100864,0.00820155143737793,0.0014846212652531456,,,"{'model__learning_rate': 0.05, 'model__max_depth': 3, 'model__n_estimators': 100, 'model__subsample': 0.8}",0.9979166666666667,0.9968750000000001,0.9958333333333333,1.0,1.0,0.9981249999999999,0.0016666666666666525,25,3.0,,100.0,0.05,0.8
Chronic Kidney Disease,XGBoost,0.04654078483581543,0.007817675540470552,0.010567474365234374,0.002985507307373956,,,"{'model__learning_rate': 0.05, 'model__max_depth': 3, 'model__n_estimators': 100, 'model__subsample': 1.0}",0.9979166666666667,0.9979166666666667,0.9958333333333333,1.0,1.0,0.9983333333333334,0.0015590239111558035,22,3.0,,100.0,0.05,1.0
Chronic Kidney Disease,XGBoost,0.07194232940673828,0.01020002275611988,0.00819091796875,0.0024542469704547597,,,"{'model__learning_rate': 0.05, 'model__max_depth': 3, 'model__n_estimators': 200, 'model__subsample': 0.8}",1.0,0.9979166666666667,0.9958333333333333,1.0,1.0,0.99875,0.0016666666666666607,1,3.0,,200.0,0.05,0.8
Chronic Kidney Disease,XGBoost,0.05464186668395996,0.0034994802176303843,0.008243083953857422,0.0011196707628911373,,,"{'model__learning_rate': 0.05, 'model__max_depth': 3, 'model__n_estimators': 200, 'model__subsample': 1.0}",1.0,0.9979166666666667,0.9958333333333332,1.0,1.0,0.99875,0.0016666666666666995,1,3.0,,200.0,0.05,1.0
Chronic Kidney Disease,XGBoost,0.07626104354858398,0.007929457538303292,0.009820699691772461,0.003290651857187593,,,"{'model__learning_rate': 0.05, 'model__max_depth': 3, 'model__n_estimators': 300, 'model__subsample': 0.8}",1.0,0.9958333333333333,0.9947916666666666,1.0,1.0,0.9981249999999999,0.00231990181784585,25,3.0,,300.0,0.05,0.8
Chronic Kidney Disease,XGBoost,0.06964125633239746,0.014546775847725386,0.009406089782714844,0.002034599399497272,,,"{'model__learning_rate': 0.05, 'model__max_depth': 3, 'model__n_estimators': 300, 'model__subsample': 1.0}",1.0,0.9979166666666667,0.9958333333333333,1.0,1.0,0.99875,0.0016666666666666607,1,3.0,,300.0,0.05,1.0
Chronic Kidney Disease,XGBoost,0.06332736015319824,0.013445749628753698,0.011003351211547852,0.002602182419867322,,,"{'model__learning_rate': 0.05, 'model__max_depth': 5, 'model__n_estimators': 100, 'model__subsample': 0.8}",0.9979166666666667,0.9968750000000001,0.9958333333333333,1.0,1.0,0.9981249999999999,0.0016666666666666525,25,5.0,,100.0,0.05,0.8
Chronic Kidney Disease,XGBoost,0.060869598388671876,0.007238788663700042,0.008547163009643555,0.0023542893166367297,,,"{'model__learning_rate': 0.05, 'model__max_depth': 5, 'model__n_estimators': 100, 'model__subsample': 1.0}",0.9979166666666667,0.9979166666666667,0.9958333333333333,1.0,1.0,0.9983333333333334,0.0015590239111558035,22,5.0,,100.0,0.05,1.0
Chronic Kidney Disease,XGBoost,0.06848583221435547,0.015055073530606266,0.011223077774047852,0.0048758726726469154,,,"{'model__learning_rate': 0.05, 'model__max_depth': 5, 'model__n_estimators': 200, 'model__subsample': 0.8}",1.0,0.9979166666666667,0.9958333333333333,1.0,1.0,0.99875,0.0016666666666666607,1,5.0,,200.0,0.05,0.8
Chronic Kidney Disease,XGBoost,0.06481380462646484,0.013114459066871609,0.007385683059692383,0.0008214021911016065,,,"{'model__learning_rate': 0.05, 'model__max_depth': 5, 'model__n_estimators': 200, 'model__subsample': 1.0}",1.0,0.9979166666666667,0.9958333333333333,1.0,1.0,0.99875,0.0016666666666666607,1,5.0,,200.0,0.05,1.0
Chronic Kidney Disease,XGBoost,0.09888973236083984,0.013883522875868186,0.009772205352783203,0.0021411088265287843,,,"{'model__learning_rate': 0.05, 'model__max_depth': 5, 'model__n_estimators': 300, 'model__subsample': 0.8}",1.0,0.9958333333333333,0.9947916666666666,1.0,1.0,0.9981249999999999,0.00231990181784585,25,5.0,,300.0,0.05,0.8
Chronic Kidney Disease,XGBoost,0.0885554313659668,0.01828687274276526,0.009419536590576172,0.0029939850469458892,,,"{'model__learning_rate': 0.05, 'model__max_depth': 5, 'model__n_estimators': 300, 'model__subsample': 1.0}",1.0,0.9979166666666667,0.9958333333333333,1.0,1.0,0.99875,0.0016666666666666607,1,5.0,,300.0,0.05,1.0
Chronic Kidney Disease,XGBoost,0.0657735824584961,0.011552205099208214,0.011190843582153321,0.00283681756343309,,,"{'model__learning_rate': 0.05, 'model__max_depth': 7, 'model__n_estimators': 100, 'model__subsample': 0.8}",0.9979166666666667,0.9968750000000001,0.9958333333333333,1.0,1.0,0.9981249999999999,0.0016666666666666525,25,7.0,,100.0,0.05,0.8
Chronic Kidney Disease,XGBoost,0.05411019325256348,0.017084519111867938,0.010980701446533203,0.0021578658994932842,,,"{'model__learning_rate': 0.05, 'model__max_depth': 7, 'model__n_estimators': 100, 'model__subsample': 1.0}",0.9979166666666667,0.9979166666666666,0.9958333333333333,1.0,1.0,0.9983333333333333,0.0015590239111558093,24,7.0,,100.0,0.05,1.0
Chronic Kidney Disease,XGBoost,0.06815619468688965,0.01467781352300324,0.009196138381958008,0.0028645924021607418,,,"{'model__learning_rate': 0.05, 'model__max_depth': 7, 'model__n_estimators': 200, 'model__subsample': 0.8}",1.0,0.9979166666666667,0.9958333333333333,1.0,1.0,0.99875,0.0016666666666666607,1,7.0,,200.0,0.05,0.8
Chronic Kidney Disease,XGBoost,0.06692676544189453,0.009155735220786727,0.009857463836669921,0.0026921519487431013,,,"{'model__learning_rate': 0.05, 'model__max_depth': 7, 'model__n_estimators': 200, 'model__subsample': 1.0}",1.0,0.9979166666666667,0.9958333333333333,1.0,1.0,0.99875,0.0016666666666666607,1,7.0,,200.0,0.05,1.0
Chronic Kidney Disease,XGBoost,0.0965806484222412,0.009581046720170369,0.008422183990478515,0.0018797481698812205,,,"{'model__learning_rate': 0.05, 'model__max_depth': 7, 'model__n_estimators': 300, 'model__subsample': 0.8}",1.0,0.9958333333333333,0.9947916666666666,1.0,1.0,0.9981249999999999,0.00231990181784585,25,7.0,,300.0,0.05,0.8
Chronic Kidney Disease,XGBoost,0.08043098449707031,0.013363320541149352,0.009004592895507812,0.003036573112754446,,,"{'model__learning_rate': 0.05, 'model__max_depth': 7, 'model__n_estimators': 300, 'model__subsample': 1.0}",1.0,0.9979166666666667,0.9958333333333333,1.0,1.0,0.99875,0.0016666666666666607,1,7.0,,300.0,0.05,1.0
Chronic Kidney Disease,XGBoost,0.05467367172241211,0.009109100718258227,0.011807966232299804,0.0029564148317371896,,,"{'model__learning_rate': 0.1, 'model__max_depth': 3, 'model__n_estimators': 100, 'model__subsample': 0.8}",1.0,0.9968750000000001,0.9958333333333333,1.0,1.0,0.9985416666666668,0.0018162078931419309,14,3.0,,100.0,0.1,0.8
Chronic Kidney Disease,XGBoost,0.0508629322052002,0.0045534223099547985,0.011175298690795898,0.003403434486510151,,,"{'model__learning_rate': 0.1, 'model__max_depth': 3, 'model__n_estimators': 100, 'model__subsample': 1.0}",1.0,0.9979166666666667,0.9958333333333333,1.0,1.0,0.99875,0.0016666666666666607,1,3.0,,100.0,0.1,1.0
Chronic Kidney Disease,XGBoost,0.06908621788024902,0.00870580611188772,0.010512685775756836,0.0010894057043319442,,,"{'model__learning_rate': 0.1, 'model__max_depth': 3, 'model__n_estimators': 200, 'model__subsample': 0.8}",1.0,0.9947916666666667,0.9947916666666666,1.0,1.0,0.9979166666666668,0.002551551815399135,37,3.0,,200.0,0.1,0.8
Chronic Kidney Disease,XGBoost,0.07117295265197754,0.00830237633042108,0.011021089553833009,0.0034395772059220963,,,"{'model__learning_rate': 0.1, 'model__max_depth': 3, 'model__n_estimators': 200, 'model__subsample': 1.0}",1.0,0.9979166666666667,0.9958333333333333,1.0,1.0,0.99875,0.0016666666666666607,1,3.0,,200.0,0.1,1.0
Chronic Kidney Disease,XGBoost,0.05725879669189453,0.0057790575060545826,0.007596778869628906,0.0008050408202566181,,,"{'model__learning_rate': 0.1, 'model__max_depth': 3, 'model__n_estimators': 300, 'model__subsample': 0.8}",1.0,0.9947916666666667,0.9958333333333333,1.0,1.0,0.9981249999999999,0.0023199018178458185,25,3.0,,300.0,0.1,0.8
Chronic Kidney Disease,XGBoost,0.08071513175964355,0.009415711670122262,0.01042032241821289,0.0034336181093950796,,,"{'model__learning_rate': 0.1, 'model__max_depth': 3, 'model__n_estimators': 300, 'model__subsample': 1.0}",1.0,0.9979166666666667,0.9947916666666666,1.0,1.0,0.9985416666666665,0.0020412414523193283,17,3.0,,300.0,0.1,1.0
Chronic Kidney Disease,XGBoost,0.05895662307739258,0.005955040073226286,0.009184455871582032,0.00248961674023316,,,"{'model__learning_rate': 0.1, 'model__max_depth': 5, 'model__n_estimators': 100, 'model__subsample': 0.8}",1.0,0.9968750000000001,0.9958333333333333,1.0,1.0,0.9985416666666668,0.0018162078931419309,14,5.0,,100.0,0.1,0.8
Chronic Kidney Disease,XGBoost,0.039603805541992186,0.007394937337495899,0.0082000732421875,0.0024028302398199845,,,"{'model__learning_rate': 0.1, 'model__max_depth': 5, 'model__n_estimators': 100, 'model__subsample': 1.0}",1.0,0.9979166666666667,0.9958333333333333,1.0,1.0,0.99875,0.0016666666666666607,1,5.0,,100.0,0.1,1.0
Chronic Kidney Disease,XGBoost,0.0688502311706543,0.012710229714617887,0.01328291893005371,0.0012659799588139212,,,"{'model__learning_rate': 0.1, 'model__max_depth': 5, 'model__n_estimators': 200, 'model__subsample': 0.8}",1.0,0.9947916666666667,0.9958333333333333,1.0,1.0,0.9981249999999999,0.0023199018178458185,25,5.0,,200.0,0.1,0.8
Chronic Kidney Disease,XGBoost,0.06544289588928223,0.013066993283629187,0.009917688369750977,0.0036667737939879885,,,"{'model__learning_rate': 0.1, 'model__max_depth': 5, 'model__n_estimators': 200, 'model__subsample': 1.0}",1.0,0.9979166666666667,0.9947916666666666,1.0,1.0,0.9985416666666665,0.0020412414523193283,17,5.0,,200.0,0.1,1.0
Chronic Kidney Disease,XGBoost,0.08303236961364746,0.00758113734157737,0.008395719528198241,0.0024637118788065652,,,"{'model__learning_rate': 0.1, 'model__max_depth': 5, 'model__n_estimators': 300, 'model__subsample': 0.8}",1.0,0.9947916666666667,0.9958333333333333,1.0,1.0,0.9981249999999999,0.0023199018178458185,25,5.0,,300.0,0.1,0.8
Chronic Kidney Disease,XGBoost,0.085003662109375,0.009281938184866096,0.009890985488891602,0.002211769111762558,,,"{'model__learning_rate': 0.1, 'model__max_depth': 5, 'model__n_estimators': 300, 'model__subsample': 1.0}",1.0,0.9979166666666667,0.9947916666666666,1.0,1.0,0.9985416666666665,0.0020412414523193283,17,5.0,,300.0,0.1,1.0
Chronic Kidney Disease,XGBoost,0.05261526107788086,0.007631107688727017,0.009603500366210938,0.003610439996757432,,,"{'model__learning_rate': 0.1, 'model__max_depth': 7, 'model__n_estimators': 100, 'model__subsample': 0.8}",1.0,0.9968750000000001,0.9958333333333333,1.0,1.0,0.9985416666666668,0.0018162078931419309,14,7.0,,100.0,0.1,0.8
Chronic Kidney Disease,XGBoost,0.04374771118164063,0.005847869258867952,0.007571744918823242,0.0010105894567850086,,,"{'model__learning_rate': 0.1, 'model__max_depth': 7, 'model__n_estimators': 100, 'model__subsample': 1.0}",1.0,0.9979166666666667,0.9958333333333333,1.0,1.0,0.99875,0.0016666666666666607,1,7.0,,100.0,0.1,1.0
Chronic Kidney Disease,XGBoost,0.05832972526550293,0.006171968444147318,0.008788204193115235,0.0017243672124265357,,,"{'model__learning_rate': 0.1, 'model__max_depth': 7, 'model__n_estimators': 200, 'model__subsample': 0.8}",1.0,0.9947916666666667,0.9958333333333333,1.0,1.0,0.9981249999999999,0.0023199018178458185,25,7.0,,200.0,0.1,0.8
Chronic Kidney Disease,XGBoost,0.05669503211975098,0.013435425210576155,0.009771203994750977,0.0020899794979113984,,,"{'model__learning_rate': 0.1, 'model__max_depth': 7, 'model__n_estimators': 200, 'model__subsample': 1.0}",1.0,0.9979166666666667,0.9947916666666666,1.0,1.0,0.9985416666666665,0.0020412414523193283,17,7.0,,200.0,0.1,1.0
Chronic Kidney Disease,XGBoost,0.09080328941345214,0.017782926793497182,0.011423444747924805,0.0035699624920832126,,,"{'model__learning_rate': 0.1, 'model__max_depth': 7, 'model__n_estimators': 300, 'model__subsample': 0.8}",1.0,0.9947916666666667,0.9958333333333333,1.0,1.0,0.9981249999999999,0.0023199018178458185,25,7.0,,300.0,0.1,0.8
Chronic Kidney Disease,XGBoost,0.09272351264953613,0.013195092516839872,0.009917068481445312,0.0022851452729838895,,,"{'model__learning_rate': 0.1, 'model__max_depth': 7, 'model__n_estimators': 300, 'model__subsample': 1.0}",1.0,0.9979166666666667,0.9947916666666666,1.0,1.0,0.9985416666666665,0.0020412414523193283,17,7.0,,300.0,0.1,1.0
